bid,shelfmark,all_shelfmarks,title,responsibility,place,date,year,lang,possessor_field_Eco
PUV0815269,ECO.02.0036,ECO.02.0036 ; ECO.02.0039 ; ECO.02.0083,La decadence latine,Joséphin Péladan,Paris,[188.],1885,fre,
BVEE034371,ECO.01.0378,ECO.01.0378 ; ECO.01.0380 ; ECO.01.0381,"Medicina catholica, seu mysticum artis medicandi sacrarium. In tomos diuisom duos. In quibus metaphysica et physica tam sanitatis tuendae, quam morbor",,Francofurti,1629,1629,lat,yes
MIL1037774,ECO.02.0095/4,ECO.02.0095/4 ; ECO.02.0109,Épitre à Sa Majesté l'empereur de Russie; pour compléter les Cent pages décisives; et pour accomplir la Réforme de la mécanique céleste,par l'auteur de la Réforme du savoir humain,Metz,1851,1851,fre,yes
MIL1038448,ECO.02.0136,ECO.02.0136 ; ECO.02.0137,Oeuvres illustrées d'Eugène Sue,"200 dessins par MM. Gavarni, J.-A. Beaucé et Staal, etc., etc.",Paris,1850,1850,fre,
MILE062433,ECO.01.0297,ECO.01.0297 ; ECO.01.0331/1,Cento Virgilianus De Fratribus Roseae Crucis authore F. G. Menapio,,[S.l.],1618,1618,lat,yes
RMLE002108,ECO.01.0761,ECO.01.0761 ; ECO.01.0762,"Raymundi Lullii Opera ea quae ad adinuentam ab ipso artem vniuersalem, scientiarum artiumque omnium breui compendio, firmaque memoria appræhendendarum",,Argentinæ,1598,1598,lat,yes
LO10733578,ECO.02.0004,ECO.02.0004 ; ECO.02.0020,Essais de sciences maudites,par Stanislas de Guaita,Paris,1890-1897,1890,fre,
BVEE000118,ECO.01.0905,ECO.01.0905 ; ECO.01.0984,Henrici Cornelii Agrippae ab Nettesheym ... De occulta philosophia libri tres,,,,1533,lat,yes
BVEE031484,ECO.01.0379,ECO.01.0379 ; ECO.01.0382,"Appendix necessaria Syntagmatis arcanorum chymicorum Andreae Libauij, ... Accesserunt 1. Iudicium breue de dea Hippocratis, ... Henningi Scheunemani, ",,Francofurti,,1615,lat,yes
BVEE046774,ECO.01.0391,ECO.01.0391 ; ECO.01.0392,1.[1]: De macrocosmi historia in duos tractatus diuisa quorum primus de metaphysico macrocosmi et creaturarum illius ortu. Physico macrocosmi in gener,,Opphenemii,1617 [i.e. Francofor,1624,lat,yes
TO0E002412,ECO.01.0652,ECO.01.0652 ; ECO.01.0653,"Amphitheatrum æternæ prouidentiæ diuino-magicum. Christiano-physicum, nec non astrologo-catholicum. Aduersus veteres philosophos, atheos, Epicureos, P",,Lugduni,1615,1615,lat,yes
PAR1197364,ECO.04.0060,ECO.04.0060 ; ECO.04.0061 ; ECO.04.0062 ; ECO.04.0063,Il Medioevo,a cura di Umberto Eco,Milano,,2010,ita,
BVEE036054,ECO.01.0544/01,ECO.01.0544/01 ; ECO.01.0544/02 ; ECO.01.0544/03 ; ECO.01.0544/04,Gerardi Ioannis Vossii De arte grammatica libri septem,,Amsterdami,1635,1635,lat,yes
VEAE142687,ECO.01.0227,ECO.01.0227,"Histoires prodigieuses les plus memorables qui ayent esté obseruée, depuis la Natiuité de Iesus Christ, iusques a nostre siecle: extraictes de plusieu",,A Paris,1560,1560,fre,yes
MIL1038655,ECO.02.0160,ECO.02.0160,Vol. 1.,par Alexandre Dumas,Paris,1887,1887,fre,yes
MIL1038657,ECO.02.0160,ECO.02.0160,Vol. 2.,par Alexandre Dumas,Paris,1887,1887,fre,yes
SBL0561072,ECO.04.0026,ECO.04.0026,Trattato di semiotica generale,Umberto Eco,Milano,[1975],1975,ita,
MIL1038851,ECO.02.0165,ECO.02.0165,Vol. 5.,Tallemant des Reaux,Paris,1856,1856,fre,yes
PUV0675761,ECO.01.0523,ECO.01.0523,Francis Bacon concealed and revealed,by Bertram G. Theobald,London,1930,1930,eng,yes
MIL1039005,ECO.02.0168/12,ECO.02.0168/12,"Voyages, travels and ancillary sciences",,"New York, N.Y.",[1988?],1988,eng,yes
SBL0609875,ECO.01.0578/02,ECO.01.0578/02,I. Cheradami Alphabetum linguae sanctae,a cura dell'Instituo di scriptura,Roma,1983,1983,lat,
VEAE004624,ECO.01.0613,ECO.01.0613,Filologiche ricerche del cavaliere Giacomo Harris volgarizzamento di Pietro Antoniutti,,Venezia,,1799,ita,yes
PUVE009859,ECO.01.0270,ECO.01.0270,"P. Gasparis Schotti...Technica curiosa sive Mirabilia artis libri 12. comprehensa; quibus varia experimenta, variaque technasmata pneumatica, hydrauli",,[Wurzburg],1687,1687,lat,yes
PUVE015587,ECO.01.0977,ECO.01.0977,"Frederici Ruyschii, ... Adversariorum anatomico-medico-chirurgicorum decas tertia ...",,Amstelodami,1733 [i.e. 1744],1744,lat,yes
PUVE015595,ECO.01.0977,ECO.01.0977,Frederici Ruyschii ... Adversariorum anatomico-medico-chirurgicorum. Decas secunda ... Cum figuris aeneis,,Amstelodami,1726 [i. e. 1744],1744,lat,yes
SBL0734208,ECO.02.0117/01,ECO.02.0117/01,Del veltro allegorico de' Ghibellini,[a cura di Bruto Fabricatore],In Napoli,1856,1856,ita,yes
VEAE123661,ECO.01.0030,ECO.01.0030,"Ludicrum chiromanticum Praetorii : seu Thesaurus chiromantiae, locupletissimus: multis jocis [sic] & amoenitatibus, pluribus tamen seriis instructissi",,[Lipsia],1661,1661,lat,yes
SBLE001015,ECO.01.0963,ECO.01.0963,"Aurum superius & inferius aurae superioris & inferioris hermeticum, Christiani Adolphi Balduini, ...",,Amstelodami,1675,1675,lat,yes
RAV0008084,ECO.04.0039,ECO.04.0039,Semiotica e filosofia del linguaggio,Umberto Eco,Torino,1984,1984,ita,
CFI0569892,ECO.01.0254/17,ECO.01.0254/17,Nel mezzo del cammin...: a Dante journey through 700 years of text and images,edited by Livio Ambrogio,Brussels,2003,2003,eng,yes
CFI0627381,ECO.01.0936,ECO.01.0936,1,par m. Aug. Prost,,,1881,fre,yes
PAR0851539,ECO.02.0162/7,ECO.02.0162/7,La paresse,Eugene Sue,Bruxelles,1849,1849,fre,yes
CFI0625629,ECO.01.0518,ECO.01.0518,The great cryptogram,by Ignatius Donnelly,London,1888,1888,eng,
CFI0627385,ECO.01.0936,ECO.01.0936,2,par m. Aug. Prost,Paris,1882,1882,fre,yes
CFI0591115,ECO.01.0482/16,ECO.01.0482/16,Il labirinto metrico di Oronzo Pasquale Macrì,Cosimo Giannuzzi,°Galatina],°2004],2004,ita,yes
VIA0211511,ECO.01.0482/20,ECO.01.0482/20,"Nuovo modo de intendere la lingua zerga, cioè parlare forbesco",,Milano,1980,1980,ita,yes
VIA0211507,ECO.01.0482/22,ECO.01.0482/22,L'elefanticidio in Venezia dell'anno 1819,del nobile signor Pietro Bonmartini Padovano,Milano,1980,1980,ita,yes
MIL0428152,ECO.01.0254/16,ECO.01.0254/16,4: Manuscripts,compiled by Laurence C. Witten and Richard Pachella,New Haven,1977,1977,eng,yes
SBLE008103,ECO.01.0265,ECO.01.0265,Bibliographie instructive: ou Traité de la connaissance des livres rares et singuliers. Contenant un Catalogue raisonné de la plus grande partie de ce,,A Paris,1763-1768,1763,fre,
MIL0428148,ECO.01.0254/16,ECO.01.0254/16,3: Manuscripts,compiled by Laurence C. Witten and Richard Pachella,New Haven,1977,1977,eng,yes
UBOE020328,ECO.01.0440,ECO.01.0440,"Le comte de Gabalis, ou Entretiens sur les sciences secretes. ...",,A Paris,1670,1670,fre,yes
NAPE068149,ECO.01.0661,ECO.01.0661,Voiage du monde de Descartes,,Á Paris,1690,1690,fre,yes
NAPE069324,ECO.01.0843,ECO.01.0843,Discours fait en une celebre assemblée touchant la guerison des playes & la composition de la poudre de sympathie par le chevalier Digby ... enrichie ,,Autrecht,1681,1681,fre,yes
NAPE069348,ECO.01.0865,ECO.01.0865,Solis e puteo emergentis: siue Dissertationis chymiatechnicae libri tres. ... Cum praefatione chymiae veritatem afferente. Authore Ioanne Rhenano ...,,Francofurti,1613,1613,lat,yes
UBOE056702,ECO.01.0964,ECO.01.0964,"De secretis libri 17. Ex variis authoribus collecti, methodiceque digesti. Per Ioannem Iacobum VVeckerum Basiliensem... Accessit Index locupletissimus",,Basileae,1582,1582,lat,yes
UBOE124254,ECO.01.0977,ECO.01.0977,5,,Amstelaedami,1744,1744,lat,
UBOE124262,ECO.01.0977,ECO.01.0977,8,,Amstelaedami,1727 [i.e. 1744],1744,lat,yes
UBOE124265,ECO.01.0977,ECO.01.0977,9,,Amstelodami,1744,1744,lat,yes
UDAE000654,ECO.01.0545,ECO.01.0545,"Pasigraphie et pasilalie. Methode elementaire, contenant, 1°. les douze regles de la pasigraphie, c'est-a-dire ... Livre au moyen duquel on peut appre",,A Paris,an X 1801,1801,fre,yes
NAPE019927,ECO.01.0252/01,ECO.01.0252/01,"De orbis terræ concordia libri quatuor, multiiuga eruditione ac pietate referti, quibus nihil hoc tam perturbato rerum statu uel utilius, uel accomoda",,,[1544],1544,lat,yes
CBR0002978,ECO.02.0049,ECO.02.0049,Sainte Lydwine de Schiedam,J.-K. Huysmans,Paris,1922,1922,fre,yes
NAPE023702,ECO.01.0817,ECO.01.0817,"Fratris Rogeri Bacon, ... Opus majus ad Clementem Quartum, Pontificem Romanum. Ex ms. codice Dubliniensi, cum aliis quibusdam collato, nunc primum edi",,Londini,1733,1733,lat,yes
NAPE024190,ECO.03.0066,ECO.03.0066,"2.1: Mallei maleficarum, tractatus aliquot tam veterum, quàm recentiorum in vnum corpus coaceruati. Artis magicae stupendos effectus ... tomi secundi ","M. Bernhardi Basin, Vlrici Molitoris, d. Ioannis de Gerson..",Lugduni,1620,1621,lat,yes
UBOE017907,ECO.01.0373,ECO.01.0373,"Theodorici Hackspanii ... Miscellaneorum sacrorum libri duo, quibus accessit eiusdem exercitatio de cabbala iudaica",,Altdorphii,1660,1660,lat,yes
UBOE031494,ECO.01.0091,ECO.01.0091,"Opus mathematicum octo libros complectens, innumeris propemodum figuris idealibus manuum et physiognomiae ... Authore d. Ioanne Taisnierio ... Cum ind",,Coloniae Agrippinae,1562,1562,lat,yes
UBOE039706,ECO.01.0061,ECO.01.0061,"L'Alcoran des Cordeliers. Tant en latin qu'en françois. C'est a dire, Recueil des plus notables bourdes & blasphemes de ceux qui ont osé comparer Sain",,A Amsterdam,1734,1734,lat,
UBOE065738,ECO.01.1019,ECO.01.1019,"Vlyssis Aldrouandi ... De reliquis animalibus exanguibus libri quatuor, post mortem eius editi: nempe de mollibus, crustaceis, testaceis, et zoophytis",,Bononiae,1606,1606,lat,yes
SBL0121824,ECO.01.0184,ECO.01.0184,Bibliotheca alchemica et chemica,,London,1965,1965,eng,yes
UBOE124259,ECO.01.0977,ECO.01.0977,7,,"22 p., 4 c. di tav.",,1744,lat,yes
UFE0905235,ECO.02.0068,ECO.02.0068,2,par M.J. Brisset,Bruxelles,,1837,fre,yes
PAL0130443,ECO.01.0699/04,ECO.01.0699/04,2,Francesco Soave,Palermo,1846,1846,ita,yes
PAL0130444,ECO.01.0699/04,ECO.01.0699/04,3,Francesco Soave,Palermo,1846,1846,ita,yes
UBOE124224,ECO.01.0057,ECO.01.0057,1,,,,1575,lat,yes
UBOE124237,ECO.01.0977,ECO.01.0977,[23]: Frederici Ruyschii ... Thesaurus animalium primus. Cum figuris aeneis,,Amstaelodami,1744,1744,lat,yes
UBOE124243,ECO.01.0977,ECO.01.0977,1,,Amstelodami,1739,1739,lat,
UBOE124245,ECO.01.0977,ECO.01.0977,2,,Amstelaedami,1741,1741,lat,yes
UBOE124249,ECO.01.0977,ECO.01.0977,3,,Amstelaedami,1744,1744,lat,yes
UBOE124252,ECO.01.0977,ECO.01.0977,4,,Amstelodami,1744,1744,lat,yes
UBOE124256,ECO.01.0977,ECO.01.0977,6,,Amstelodami,1744,1744,lat,yes
UBOE124269,ECO.01.0977,ECO.01.0977,"[41]: Opusculum anatomicum de fabrica glandularum in corpore humano, continens binas epistolas, quarum prior est Hermanni Boerhaave, super hac re, ad ",,Lugduni Batavorum,1751,1751,lat,yes
UBOE129902,ECO.01.0828,ECO.01.0828,2.1: Ioannis Baptistae Villalpandi ... Tomi secundi explanationum Ezechielis prophetae pars prima in tredecim capita subsequentia,,,,1604,lat,yes
UFE0905230,ECO.02.0068,ECO.02.0068,Les templiers,par M.J. Brisset,Bruxelles,,1837,fre,
UFE0905234,ECO.02.0068,ECO.02.0068,1,par M.J. Brisset,Bruxelles,,1837,fre,yes
UBOE113731,ECO.01.0040,ECO.01.0040,"Theophrastou ethikoi charakteres. Theophrasti notationes morum. Isaacus Casaubonus recensuit in Latinum sermonem vertit, & libro commentario illustrau",,Brunsvigae,1659,1659,lat,yes
PAL0043579,ECO.01.0254/38,ECO.01.0254/38,Picta poesis,Robert J. Clements,Roma,1960,1960,eng,yes
CFI0019944,ECO.01.0879/04,ECO.01.0879/04,Demonialità,Ludovico Maria Sinistrari,Palermo,1986,1986,ita,yes
NAPE024396,ECO.01.0255,ECO.01.0255,"Theatro moral de la vida humana, en cien emblemas; con el enchiridion de Epicteto, &c. y la tabla de Cebes, philosopho platonico",[Otto Venio],En Brusselas,1672,1669,spa,yes
SBL0092905,ECO.04.0019,ECO.04.0019,I sistemi di segni e lo strutturalismo sovietico,a cura di Remo Faccani e Umberto Eco,Milano,1969,1969,ita,
UBOE018199,ECO.01.0492,ECO.01.0492,"Traite des animaux, ou apres avoir fait des observations critiques sur le sentiment de Descartes & sur celui de M. de Buffon, on entreprend d'explique",,A Amsterdam et se vend a Paris,1755,1755,fre,yes
NAPE042355,ECO.01.0584,ECO.01.0584,De diluuii uniuersalitate dissertatio prolusoria,,Genevae,1667,1667,lat,yes
NAPE042426,ECO.01.0551,ECO.01.0551,"Le mécanisme de la parole, suivi de la description d'une machine parlante ... par Mr. de Kempelen ...",,À Vienne,1791,1791,fre,yes
UBOE037884,ECO.01.0807,ECO.01.0807,Di M. Camillo Agrippa Trattato di scienza d'arme. Et vn dialogo in detta materia,,In Venetia,1604,1604,ita,
USME026636,ECO.01.0977,ECO.01.0977,"[19]: Joannis Jacobi Rau Responsio ad qualemcunque defensionem Frederici Ruyschii, quam haud ita pridem edidit, pro septo scroti. In qua hujus litis a",,Amstelodami,1737,1737,lat,yes
USME032012,ECO.01.0359,ECO.01.0359,2,,,1816,1816,fre,yes
LO1E005754,ECO.01.0144,ECO.01.0144,"Thaddaei Hagecii ab Hagek doctoris medici, Aphorismorum metoposcopicorum libellus vnus",,Francofurti,1584,1584,lat,yes
UMC0903534,ECO.02.0067,ECO.02.0067,1,[Antonio Bresciani],Fuligno,1851,1851,ita,yes
LO1E010351,ECO.01.0375,ECO.01.0375,"Des Talismans, ou Figures faites sous certaines constellations, pour faire aymer & respecter les hommes, les enrichir, guérir leurs maladies..... Avec",,A Paris,1636,1636,fre,yes
LO1E010429,ECO.01.0442,ECO.01.0442,"Viatorium, hoc est, de montibus planetarum septem, seu metallorum; Tractatus tam utilis, quam perspicuus, quo, ut Indice Mercuriali in triviis, vel Ar",,Rothomagi: sumpt. Ioannis Berthelin in a,1651,1651,lat,yes
LO1E010765,ECO.01.0951,ECO.01.0951,"Les fables egyptiennes et grecques devoilees et reduites au meme principe, avec une explication des hieroglyphes, et de la guerre de Troye. Par dom An",,A Paris,1758,1758,fre,
LO1E010766,ECO.01.0951,ECO.01.0951,1,,,,1758,fre,yes
LO1E010767,ECO.01.0951,ECO.01.0951,2,,,,1758,fre,yes
UTO1110639,ECO.02.0039,ECO.02.0039,3: L'initiation sentimentale,,Paris,1887,1887,fre,yes
MIL1023151,ECO.01.0254/14,ECO.01.0254/14,Kabbale et philosophie hermétique,[François Secret],Amsterdam,1989,1989,fre,yes
MIL1023157,ECO.01.0254/15,ECO.01.0254/15,Les symboles spirituels de l'alchimie,[H.M.E. de Jong],Amsterdam,[1988],1988,fre,yes
MIL1023287,ECO.01.0254/19,ECO.01.0254/19,Cimelia Rhodostaurotica,,Amsterdam,1995,1995,ger,yes
MIL1023312,ECO.01.0254/40,ECO.01.0254/40,Alchemy & source books in chemistry: illustrating the history of chemistry from the 16th to the 20th century,[compiled by Walter Alicke],Vaduz,[198.],1980,eng,yes
MIL1023323,ECO.01.0254/42,ECO.01.0254/42,Alchemie und Chemie,,Wien,[1984],1984,ger,yes
MIL1023413,ECO.01.0435/03,ECO.01.0435/03,Part 1,by W. A. Copinger,Milano,1992,1992,mul,
PUV0531432,ECO.01.0907,ECO.01.0907,"Dictionnaire infernal, ou Repertoire universel des etres, des personnages, des livres, des faits et des choses qui tiennent aux apparitions, aux divin",par J. Collin De Plancy,Paris,1844,1844,fre,
MIL1026580,ECO.01.0467,ECO.01.0467,Doctor Robert Fludd (Robertus de Fluctibus),by J.B. Craven,Kirkwall,1902,1902,eng,yes
MIL1026602,ECO.01.0469,ECO.01.0469,Des nombres,"par L.-C. de Saint-Martin, dit le Philosophe inconnu",Paris,1861,1861,fre,
MIL1026611,ECO.01.0482/02,ECO.01.0482/02,The Society of Jesus,"introduction by Alistair Hamilton, Louise Thijssen-Schoute",London,1996,1996,eng,
MIL1026613,ECO.01.0482/03,ECO.01.0482/03,De Societate Jesu,,Torino,[prima del 2016],2000,ita,yes
MIL1026615,ECO.01.0482/01,ECO.01.0482/01,Codex Rosae Crucis,introduction and commentary by Manly Hall,[Los Angeles],1974,1974,ita,yes
MIL1026624,ECO.01.0482/09,ECO.01.0482/09,Précurseurs et novateurs,,Paris,1989,1989,fre,
MIL1026667,ECO.01.0482/09,ECO.01.0482/09,1: La marche des sciences pendant la Révolution,,Paris,1989,1989,fre,yes
MIL1026673,ECO.01.0482/09,ECO.01.0482/09,2: Sciences et médecine du 15. au 19. siècle,,Paris,1989,1989,fre,yes
UTOE672221,ECO.01.1025,ECO.01.1025,Breuiarium politicorum secundum rubricas Mazarinicas,,Parisiis,1695,1695,lat,yes
MIL1027310,ECO.01.0557,ECO.01.0557,Philosophie scientifique,H. De Sarrauton,Paris,1914,1914,fre,yes
MIL1027647,ECO.01.0714,ECO.01.0714,The secret of a good memory,by J. Mortimer-Granville,London,1880,1880,eng,
MIL1027810,ECO.01.0802,ECO.01.0802,Notice sur l'homme-femme connu sous le nom de Mademoiselle Savalette de Lance (Henriette-Jenny) publiée au profit de la Maison de Providence,par Hérail,Versailles,1859,1859,fre,yes
MIL1027812,ECO.01.0809,ECO.01.0809,1,by J.G.R. Forlong,London,1883,1883,eng,yes
MIL1027813,ECO.01.0809,ECO.01.0809,2,by J.G.R. Forlong,London,1883,1883,eng,yes
MIL1028294,ECO.01.0293,ECO.01.0293,Geheime Wissenschaften,,München,1974,1974,ger,yes
MIL1035190,ECO.01.0987,ECO.01.0987,Chronograms collected,by James Hilton,London,1895,1895,eng,yes
MIL1035472,ECO.01.1052,ECO.01.1052,Martino con 18 dame,,Firenze,1914,1914,ita,yes
MIL1036612,ECO.02.0024/2,ECO.02.0024/2,2,[Théodore Henri de Tschudy; Charles Louis Bardou-Duhamel],Stuttgart,1866,1866,ger,yes
MIL1036622,ECO.02.0036,ECO.02.0036,4: A coeur perdu,Joséphin Péladan,Paris,1888,1888,fre,
MIL1037560,ECO.02.0065,ECO.02.0065,"Le destin de la France, de l'Allemagne, et de la Russie comme prolégomènes du messianisme",,Paris,1842,1842,fre,yes
MIL1037722,ECO.02.0075,ECO.02.0075,La Bièvre et Saint-Séverin,J.-K. Huysmans,Paris,1898,1898,fre,
MIL1037871,ECO.02.0107,ECO.02.0107,Vol. 1: 1-295,Emanuel Swedenborg,London,1884,1884,eng,yes
MIL1037875,ECO.02.0107,ECO.02.0107,The Apocalypse explained according to the spiritual sense,from the Latin of a posthumous work of Emanuel Swedenborg,London,[189.]-1901,1890,eng,
MIL1037877,ECO.02.0107,ECO.02.0107,Vol. 4: 626-771,Emanuel Swedenborg,London,1896,1896,eng,yes
MIL1037995,ECO.02.0108,ECO.02.0108,"3: Genesis, chapter 17. to chapter 22",,London,1890,1890,eng,yes
MIL1038002,ECO.02.0108,ECO.02.0108,"11: [Exodus, chapter 22. to chapter 28.",,London,1890,1890,eng,yes
MIL1038004,ECO.02.0108,ECO.02.0108,"12: Exodus, chapter 29. to chapter 40",,London,1885,1885,eng,yes
CFI0257653,ECO.04.0014,ECO.04.0014,Diario minimo,Umberto Eco,[Milano],1992,1992,ita,
MIL1038332,ECO.02.0141,ECO.02.0141,Les aventures de Télémaque suivies des aventures d'aristonous,par Fènelon,Paris,1881,1881,ita,yes
MIL1038857,ECO.02.0165,ECO.02.0165,Vol. 8.,Tallemant des Reaux,Paris,1860,1860,fre,yes
MIL1038858,ECO.02.0165,ECO.02.0165,Vol. 9.,Tallemant des Reaux,Paris,1860,1860,fre,yes
MIL1038888,ECO.02.0168/10,ECO.02.0168/10,Newton and the scientific revolution,,Bloomington (Indiana),1987,1987,eng,yes
MIL1031884,ECO.01.0911,ECO.01.0911,10,par Dupuis,Paris,1836,1836,fre,yes
MIL1035229,ECO.01.0985/05,ECO.01.0985/05,Morris N. Young and Chesley V. Young *Library of *Memory and *Mnemonics,,London,[dopo il 1987],1987,eng,
MIL1035244,ECO.01.0989,ECO.01.0989,Isolario,Benedetto Bordone,[S.l.,1999,1999,ita,yes
MIL1035259,ECO.01.1040,ECO.01.1040,Our inheritance in the great pyramid,by Piazzi Smyth,London,1880,1880,eng,yes
MIL1035301,ECO.01.1046,ECO.01.1046,Curioso contrasto fra un priore e un contadino perchè era sette anni che non si confessava,[Andrea Rulli],Firenze,1911,1911,ita,yes
MIL1035320,ECO.01.1047,ECO.01.1047,Dottrina di Giuseppe Garibaldi dedicata alla gioventu italiana,,Firenze,1914,1914,ita,yes
MIL1035407,ECO.01.1071,ECO.01.1071,A history of the warfare of science with theology in Christendom,by Andrew Dickson White,New York,1917,1917,eng,
MIL1035409,ECO.01.1071,ECO.01.1071,1,,New York,1917,1917,eng,yes
MIL1036337,ECO.04.0047,ECO.04.0047,Sulla letteratura,Umberto Eco,Milano,2022,2022,ita,
PUV0610028,ECO.01.0658,ECO.01.0658,Calcolo con zero e uno,Leibniz,Milano,1971,1971,ita,
MIL1036554,ECO.01.0921,ECO.01.0921,"Doktor Johannes Faust's Magia naturalis et innaturalis, oder Dreifacher Höllenzwang, letztes Testament und Siegelkunst: nach einer kostbar ausgestatte",,Stuttgart: Scheible,1849,1849,ger,yes
MIL1036809,ECO.02.0043,ECO.02.0043,Secret societies and subversive movements,by Nesta H. Webster,London,1924,1924,eng,yes
MIL1036814,ECO.02.0044,ECO.02.0044,"Le Faux Nápoléonisme; comme suite du secret politique de Nápoléon, et comme interprète funeste des idées du Prince Louis-Nápoléon",par Hoëné Wronski,Paris,1840,1840,fre,yes
MIL1037223,ECO.01.1028,ECO.01.1028,"Lives and voyages of Drake, Cavendish, and Dampier",,Edinburgh,1831,1831,inh,yes
MIL1038659,ECO.02.0160,ECO.02.0160,Vol. 3.,par Alexandre Dumas,Paris,1887,1887,fre,yes
MIL1038817,ECO.02.0165,ECO.02.0165,Les historiettes,de Tallemant des Reaux,Paris,1854-1860,1854,fre,
MIL1038821,ECO.02.0165,ECO.02.0165,Vol. 1.,Tallemant des Reaux,Paris,1854,1854,fre,yes
MIL1038855,ECO.02.0165,ECO.02.0165,Vol. 6.,Tallemant des Reaux,Paris,1857,1857,fre,yes
MIL1038856,ECO.02.0165,ECO.02.0165,Vol. 7.,Tallemant des Reaux,Paris,1858,1858,fre,yes
PUV0691896,ECO.01.0435/02,ECO.01.0435/02,Incunabola in American libraries,"reproduced from annotated copy maintained by Frederick R. Goff, compiler and edi","Millwood, N. Y. :Kraus reprint",1973,1973,eng,yes
MIL1028307,ECO.01.0500,ECO.01.0500,Historic doubts relative to Napoleon Buonaparte,by Richard Whately,Cambridge,1832,1832,eng,yes
MIL1028308,ECO.01.0517,ECO.01.0517,"Grand erratum, source d'un nombre infini d'errata, a noter dans l'histoire du 19. siècle",[Jean Baptiste Pérès],Agen,Imprimerie de Prospe,1835,fre,yes
MIL1036607,ECO.02.0024/2,ECO.02.0024/2,1,[Théodore Henri de Tschudy; Charles Louis Bardou-Duhamel],Stuttgart,1866,1866,ger,yes
MIL1036938,ECO.02.0052,ECO.02.0052,"Ballades, rondeaux & chansons",par Clément Marot,,,1910,fre,
MIL1037310,ECO.02.0055,ECO.02.0055,Vol. 1: The history of freemasonry,by J.W.S. Mitchell,New York,[186.],1860,eng,yes
MIL1037759,ECO.02.0084,ECO.02.0084,L'art idealiste & mystique,Sar Peladan,Paris,1894,1894,fre,yes
MIL1038005,ECO.02.0108,ECO.02.0108,"6: Genesis, chapter 32. to chapter 38",,London,1889,1889,eng,yes
MIL1038072,ECO.02.0118,ECO.02.0118,La verite sur le masque de fer,par Th. Iung,Paris,1872,1872,fre,yes
MIL1038079,ECO.02.0119,ECO.02.0119,L'homme au masque de fer,Paul L. Jacob bibliophile,Paris,1837,1837,fre,
MIL1038459,ECO.02.0137,ECO.02.0137,Vol. [1]: [Latréaumont,Eugéne Sue,Paris,1850,1850,fre,yes
MIL1038503,ECO.02.0136,ECO.02.0136,Vol. [2]: [Mathilde,Eugéne Sue,Paris,1850,1850,fre,yes
MIL1039791,ECO.01.1054,ECO.01.1054,Amour et magie de Gilles de Rays à Rasputine,,Paris,1953,1953,fre,
VEA0086812,ECO.01.0254/36,ECO.01.0254/36,[1],Mario Praz,Roma,1975,1975,eng,yes
PUV0812568,ECO.02.0076,ECO.02.0076,L'art moderne,par J.-K. Huysmans,Paris,1883,1883,fre,yes
VEA0093871,ECO.01.0214,ECO.01.0214,Ortelius Atlas maps,by Marcel P. R. van den Broecke,Westrenen,c1996,1996,eng,yes
MIL1039766,ECO.02.0168/17,ECO.02.0168/17,Catalogue,La table d'Emeraude librairie,Paris,[19..]-,19..,fre,yes
MIL1039806,ECO.02.0168/18,ECO.02.0168/18,Catalogue,Antiquariaat Schors,Amsterdam,[19..]-,19..,eng,yes
MIL1039926,ECO.02.0168/19,ECO.02.0168/19,Catalogue de livres anciens et modernes,L'Intersigne livres anciens,Paris,[19..]-,19..,fre,
FOG0477697,ECO.01.0911,ECO.01.0911,2,Dupuis,Paris,1835,1835,fre,yes
FOG0477700,ECO.01.0911,ECO.01.0911,8,Dupuis,Paris,1835,1835,fre,yes
FOG0480252,ECO.01.0911,ECO.01.0911,3,Dupuis,Paris,1835,1835,fre,yes
FOG0480258,ECO.01.0911,ECO.01.0911,9,Dupuis,Paris,1836,1836,fre,yes
FOG0477691,ECO.01.0911,ECO.01.0911,Origine de tous les cultes ou religion universelle,par Dupuis,Paris,1835-36,1835,fre,
MIL0097947,ECO.01.1021/02,ECO.01.1021/02,Libro dei globi,Vincenzo Coronelli,Amsterdam,1969,1969,eng,yes
FER0171318,ECO.04.0090,ECO.04.0090,Sylvie,Gérard de Nerval,Torino,\1999!,1999,ita,
SBL0500783,ECO.04.0017,ECO.04.0017,Filosofi in libertà,Dedalus,[S. l.],1958,1958,ita,
UTO0872951,ECO.01.0798,ECO.01.0798,La Cryptographie,[Paul Lacroix],Paris,1858,1858,fre,yes
UTO1169663,ECO.01.0691,ECO.01.0691,The cipher of Roger Bacon,by William Romaine Newbold,Philadelphia,1928,1928,eng,yes
UTO1427718,ECO.02.0021,ECO.02.0021,Tome 1,par Ferdinand Hoefer,Paris,1866,1866,fre,yes
UTO1427719,ECO.02.0021,ECO.02.0021,Tome 2,par Ferdinand Hoefer,Paris,1869,1869,fre,yes
MIL1016858,ECO.01.0008,ECO.01.0008,10: Table raisonnée des matières,par Gaspard Lavater,Paris,1835,1835,fre,yes
MIL1022795,ECO.01.0002,ECO.01.0002,"Estudio introductorio a ""I marmi"" de Anton Francesco Doni",Vincenzo Iacomuzzi,Santiago de Compostela,1999,1999,spa,
MIL1022797,ECO.01.0002,ECO.01.0002,"I marmi del Doni, academico peregrino, al mag.co et eccellente Antonio da Feltro dedicati",,Santiago de Compostela,1999,1999,ita,yes
MIL1022825,ECO.01.0131,ECO.01.0131,Histoire de Saint Louis,Jean Sire de Joinville,Paris,1874,1874,fre,yes
MIL1023187,ECO.01.0254/18,ECO.01.0254/18,Robert Fludd,par Joscelyn Godwin,[S.l.],1980,1980,fre,yes
MIL1023220,ECO.01.0254/27,ECO.01.0254/27,Catalogue of chemical and pharmaceutical books,,Amsterdam,[tra 1980 e 2002],1980,eng,yes
MIL1023262,ECO.01.0254/31,ECO.01.0254/31,"Printed books including English, continental and Russian literature, science and modern illustrated books",,London,1989,1989,eng,yes
MIL1023264,ECO.01.0254/32,ECO.01.0254/32,Paracelsus,,London,[1994],1994,eng,yes
MIL1023414,ECO.01.0435/03,ECO.01.0435/03,2.1: Abano-Ovidius,by W. A. Copinger,Milano,1992,1992,mul,yes
MIL1023416,ECO.01.0435/03,ECO.01.0435/03,2.2: Pablo-Zutphania,by W.A. Kopinger,Milano,1992,1992,mul,yes
MIL1023434,ECO.01.0465,ECO.01.0465,The Brotherhood of the Rosy Cross,by Arthur Edward Waite,London,1924,1924,eng,yes
MIL1016606,ECO.01.0008,ECO.01.0008,2,par Gaspard Lavater,Paris,1835,1835,fre,yes
MIL1016639,ECO.01.0008,ECO.01.0008,5,par Gaspard Lavater,Paris,1835,1835,fre,yes
MIL1016643,ECO.01.0008,ECO.01.0008,6,par Gaspard Lavater,Paris,1835,1835,fre,yes
MIL1016677,ECO.01.0008,ECO.01.0008,9,par Gaspard Lavater,Paris,1835,1835,fre,yes
MIL1022932,ECO.01.0181,ECO.01.0181,Bibliotheca astrologica,by F. Leigh Gardner,"No. Hollywood, California",[1977],1977,eng,
MIL1022964,ECO.01.0208,ECO.01.0208,Les supercheries littéraires devoilées,par J.-M. Quérard,Paris,1869-1871,1869,fre,
MIL1022992,ECO.01.0212,ECO.01.0212,Graines de folie,Olivier Justafré,Perros-Guirrec,[2011],2011,fre,yes
MIL1023074,ECO.01.0254/06,ECO.01.0254/06,Guillaume Postel,[compiled by Detlev Auvermann],London,2006,2006,ita,yes
MIL1026594,ECO.01.0468,ECO.01.0468,Real history of the Rosicrucians,by Arthur Edward Waite,London,1887,1887,eng,yes
MIL1026694,ECO.01.0482/10,ECO.01.0482/10,Voyages - marine,[Bernard Clavreuil],Paris,1992,1992,fre,
MIL1026697,ECO.01.0482/10,ECO.01.0482/10,2: F-O,,Paris,1992,1992,fre,yes
MIL1026712,ECO.01.0482/14,ECO.01.0482/14,An occult alphabet,,Culver City,Ca.,2003,eng,
MIL1026714,ECO.01.0482/14,ECO.01.0482/14,2,,Culver City,Ca.,2003,eng,yes
MIL1026766,ECO.01.0482/23,ECO.01.0482/23,Jesuit books,[Bernard Quaritch Ltd],London,2003,2001,eng,yes
MIL1026934,ECO.01.0506,ECO.01.0506,Projet d'une langue universelle,par M. l'abbé Bonifacio Sotos Ochando,Paris,1855,1855,fre,yes
MIL1027084,ECO.01.0521,ECO.01.0521,Die Rawley'sche Sammlung von zweiunddreissig Trauergedichten auf Francis Bacon,herausgegeben von Georg Cantor,Halle,1897,1897,ger,
MIL1027107,ECO.01.0516,ECO.01.0516,"Francis Bacon, poet, prophet, philosopher versus phantom captain Shakespeare, the Rosicrucian mask",by W.F.C. Wigston,London,1890,1891,eng,yes
MIL1027121,ECO.01.0522,ECO.01.0522,Shakespeare's Beehive,George Koppelman & Daniel Wechsler,New York,2014,2014,eng,
MIL1027135,ECO.01.0525,ECO.01.0525,Bacon is Shake-speare,by Sir Edwin Durning-Lawrence,New York,1910,1910,eng,yes
MIL1027159,ECO.01.0526,ECO.01.0526,Francis Bacon,by Edwin Reed,Boston,1902,1902,eng,yes
FER0172416,ECO.01.0712,ECO.01.0712,Manuale di mnemonica (arte della memoria),dal cav. Costanzo Fea,Roma,1900,1900,ita,yes
FERE002214,ECO.02.0158,ECO.02.0158,L'Orlando furioso di m. Lodovico Ariosto,,In Venezia,1792,1792,ita,
FERE002217,ECO.02.0158,ECO.02.0158,3,,,,1792,ita,yes
FERE003071,ECO.01.0274,ECO.01.0274,"P. Gasparis Schotti ... Physica curiosa, sive Mirabilia naturae et artis libris 12. comprehensa ...",,Prostant Norimbergae,1667,1667,lat,yes
USME025540,ECO.01.0196,ECO.01.0196,Tractatus physiologicus de pulchritudine. Juxta ea quae de sponsa in Canticis Canticorum mystice pronunciantur. Authore Ernesto Vaenio,,Bruxellis,1662,1662,lat,
USME025870,ECO.01.0448,ECO.01.0448,"Michaelis Majeri ... Secretioris naturae secretorum scrutinium chymicum, per oculis et intellectui accuratè accommodata, figuris cupro appositissimè i",,Francofurti,1687,1687,lat,yes
USME026635,ECO.01.0977,ECO.01.0977,"[18]: Frederici Ruyschii Responsio ad Godefridi Bidloi libellum, quem vindicias inscripsit",,Amstelædami,1738,1738,lat,yes
USME026645,ECO.01.0977,ECO.01.0977,"[20]: Frederici Ruyschii ... Adversariorum anatomico-medico-chirurgicorum decas prima. In quâ varia notatu digna recensetur cum figuris æneis, cui adj",,Amstelodami,1729 [i.e. 1744],1744,lat,yes
MIL1016621,ECO.01.0008,ECO.01.0008,3,par Gaspard Lavater,Paris,1835,1835,fre,yes
MIL1016623,ECO.01.0008,ECO.01.0008,[4,par Gaspard Lavater],[Paris,1835],1835,fre,yes
MIL1022816,ECO.01.0126,ECO.01.0126,Life and death,"collated and re-told by Colonel T. H. Lewin, author of ""The fly on the wheel"" ..",London,1910,1910,eng,yes
MIL1022918,ECO.01.0178,ECO.01.0178,Rosicrucian books,with an introduction by Dr. William Wynn Westocott,London,1923,1923,eng,yes
MIL1022970,ECO.01.0208,ECO.01.0208,2: F-O,,Paris,1870,1870,fre,yes
MIL1022972,ECO.01.0208,ECO.01.0208,3: P-Z,,Paris,1870,1870,fre,yes
MIL0103262,ECO.01.0614,ECO.01.0614,"La reunion des langues, ou L'art de les apprendre toutes par une seule",par le P. Besnier de la Compagnie de Jesus,Dordrecht,1984,1984,fre,yes
USM1977499,ECO.02.0168/09,ECO.02.0168/09,The collection of The Garden Ltd.,conceived and formed by Haven O'More,New York,[1989],1989,eng,yes
FER0170156,ECO.02.0034,ECO.02.0034,La decadence latine,Le Sar Peladan,Paris,,    ,fre,
USME024250,ECO.01.0977,ECO.01.0977,"[35]: Frederici Ruyschii ... Curae renovatae, seu, Thesaurus anatomicus, post Curas posteriores, novus ...",,Amstelodami,1742,1742,lat,yes
USME024251,ECO.01.0977,ECO.01.0977,"[36]: Tractatio anatomica, de musculo, in fundo uteri observato, antehac a nemine detecto, cui, accedit depulsionis secundinarum, parturientium foemin",,Amstelodami,1742,1742,lat,yes
USME024257,ECO.01.0977,ECO.01.0977,"[40]: Abrahami Vateri, d. et p.p. anat, et botan ... socii. Epistola gratulatoria. Ad virum vere illustrem, dominum celeberrimum Fredericum Ruyschium ",,Amstelodami,1727,1727,lat,yes
MIL1035254,ECO.01.0990,ECO.01.0990,Arte [!] de naviguer,Pierre de Medine,Paris,1999,1999,fre,yes
MIL1035739,ECO.02.0010,ECO.02.0010,2,Scarron,Paris,[1927?],1927,fre,yes
MIL1035804,ECO.02.0024/2,ECO.02.0024/2,Der flammende Stern und die königliche geheime Kunst,[Théodore Henri de Tschudy,Stuttgart,1866,1866,ita,
MIL1036805,ECO.01.1021/01,ECO.01.1021/01,Symboles secrets des Rosicruciens des 16ème et 17ème siècles,,Villeneuve-Saint-Georges,c1988,1988,fre,yes
MIL1036816,ECO.02.0045,ECO.02.0045,Mysteries of the Rosie cross,,"Kitchener, Ontario",[1947],1947,eng,yes
MIL1036986,ECO.02.0055,ECO.02.0055,The history of freemasonry,by J.W.S. Mitchell,New York,[186.],1860,eng,
MIL1037512,ECO.02.0060,ECO.02.0060,Mission des souverains,par l'un d'eux,Paris,1884,1882,fre,yes
MIL1037592,ECO.01.1106,ECO.01.1106,The emblem,,New York,Leavitt & Allen [185,1856,eng,yes
MIL1037713,ECO.02.0073,ECO.02.0073,Biarritz,von Sir John Retcliffe,München,[1924],1924,ger,
MIL1037715,ECO.02.0073,ECO.02.0073,Vol. 1,John Retcliffe,München,[1924],1924,ger,yes
MIL1037870,ECO.02.0107,ECO.02.0107,The Apocalypse explained according to the spiritual sense,by Emanuel Swedenborg,London,1884-[1886?],1884,eng,
MIL1037872,ECO.02.0107,ECO.02.0107,Vol. 2: 296-414,Emanuel Swedenborg,London,1889,1889,eng,yes
MIL1037874,ECO.02.0107,ECO.02.0107,Vol. 5: 773-1089,Emanuel Swedenborg,London,1886,1896,eng,yes
MIL1037876,ECO.02.0107,ECO.02.0107,Vol. 3: 415-625,Emanuel Swedenborg,London,1901,1895,eng,yes
MIL1037878,ECO.02.0107,ECO.02.0107,Vol. 6: 1090-1229,Emanuel Swedenborg,London,1901,1901,eng,yes
MIL1037947,ECO.02.0108,ECO.02.0108,"2: Genesis, chapter 10. to chapter 17.",,London,1901,1901,eng,yes
MIL1038040,ECO.02.0110,ECO.02.0110,Flatland,"with illustrations by the author, A Square",London,1884,1884,eng,yes
MIL1038113,ECO.02.0122,ECO.02.0122,Key to the Hebrew-Egyptian Mystery in the source of measures originating the British inch and the ancient cubit,by J. Ralston Skinner,Cincinnati,,1875,eng,yes
MIL1038235,ECO.02.0125,ECO.02.0125,La vie de Jésus,Léo Taxil,Paris,[1900?],1900,fre,yes
MIL1038285,ECO.02.0129,ECO.02.0129,Histoire religieuse politique et littéraire de la Compagnie de Jésus,par J. Crétineau Joly,Tournai,1846,1846,fre,
MIL1038308,ECO.02.0130,ECO.02.0130,La France Juive,Edouard Drumont,Paris,[1886?],1885,fre,yes
MIL1023136,ECO.01.0254/10,ECO.01.0254/10,Bibliothèque Lucien Allienne ...,,,,1986,fre,yes
MIL1023328,ECO.01.0254/45,ECO.01.0254/45,Paracelsus in der Bibliotheca Philosophica Hermetica Amsterdam,[Redaktion des Katalogs: Carlos Gilly],Amsterdam,1993,1993,ger,yes
MIL1023398,ECO.01.0254/46,ECO.01.0254/46,"Emblèmes, devises, iconologie",avant-propos de Pierre Laurens,Paris,[dopo il 2001],2002,fre,yes
MIL1023412,ECO.01.0435/03,ECO.01.0435/03,"Supplement to Hain's repertorium bibliographicum or collection towards a new edition of that work, in two parts",by W. A. Copinger,Milano,1992,1992,mul,
MIL1026619,ECO.01.0482/06,ECO.01.0482/06,Linguaggio e linguaggi,a cura di Maria Gabriella Carbone e Roberto Palazzi,Roma,1987,1987,ita,yes
MIL1026696,ECO.01.0482/10,ECO.01.0482/10,1: A-E,,Paris,1992,1992,fre,yes
MIL1026698,ECO.01.0482/10,ECO.01.0482/10,3: P-Z et supplement,,Paris,1992,1992,fre,yes
MIL1026758,ECO.01.0482/21,ECO.01.0482/21,Alchemie aus der Bibliothek des Johannes Spahr,,Biel,[2006?],2006,ger,yes
MIL1026913,ECO.01.0511,ECO.01.0511,Tutonish,by Elias Molee,London,1908,1908,eng,yes
MIL1026918,ECO.01.0514,ECO.01.0514,Shakespeare studies in Baconian light,by Robert M. Theobald,San Francisco,[1901?],1901,eng,yes
MIL1026925,ECO.01.0505,ECO.01.0505,Du signe interrogatif des divers peuples et des fausses idées de l'Europe sur les hiéroglyphes,par le Chevalier de Paravey,Lyon,1865,1865,fre,yes
MIL1026937,ECO.01.0519,ECO.01.0519,Atlantis: the antediluvian world,by Ignatius Donnelly,New York,1910,1910,eng,yes
MIL1026945,ECO.01.0515,ECO.01.0515,Bacon and Shake-speare parallelisms,by Edwin Reed,Boston,1902,1902,eng,yes
MIL1027067,ECO.01.0521,ECO.01.0521,Resurrectio divi quirini Francisci Baconi Baronis de Verulam vicecomitis sancti albani,cura impensis G. C,Halis Saxonum,1896,1896,eng,yes
MIL1027197,ECO.01.0530,ECO.01.0530,"Langue universelle de l'humanité, ou, Télégraphie parlée par le nombre agissant, réduisant à l'unité tous les idiomes du globe compris instantanément ",par Aldrick Caumont,Oleyres,1992,1992,fre,yes
MIL1027324,ECO.01.0578/01,ECO.01.0578/01,Arte de la lengua aymara,compuesta por el P. Ludovico Bertonio,[Whitefish,2015?],2015,spa,
MIL1027382,ECO.01.0599,ECO.01.0599,Joan Amos Comenii Orbis pictus,[Proslowo Jos. Chmela],W Hradcy Králowé,1833,1833,lat,yes
MIL1027414,ECO.01.0803,ECO.01.0803,Books fatal to their authors,by P.H. Ditchfield,London,1895,1895,eng,yes
PUV0569709,ECO.01.0004,ECO.01.0004,La frenologia divolgata ossia la fisiologia del cervello umano semplificata,Michele Merone,Torino,1851,1851,ita,yes
MIL1028916,ECO.01.0911,ECO.01.0911,1,par Dupuis,,,1835,fre,yes
MIL1035178,ECO.01.0987,ECO.01.0987,Chronograms continued and concluded,by James Hilton,London,1885,1885,eng,yes
MIL1035476,ECO.01.1055,ECO.01.1055,"Si stava meglio quando si stava peggio,  ovvero Il lamento dei mestieranti",,Firenze,1908,1908,ita,yes
MIL1035550,ECO.01.1087,ECO.01.1087,An Episode of Flatland,by C. H. Hinton,London,1907,1907,eng,yes
MIL1035600,ECO.01.1097,ECO.01.1097,Premiers éléments de lecture de la langue hébraïque,par le Docteur Papus (G. Encausse),Paris,[1913],1913,fre,yes
MIL1035606,ECO.01.1098,ECO.01.1098,Premiers éléments de lecture de la langue sanscrite (caractères devanagari),par le Dr Papus,Paris,prima del 1913],1898,fre,yes
MIL1035680,ECO.01.1103,ECO.01.1103,Lives of alchemystical philosophers,by Arthur Edward Waite,London,1888,1888,eng,yes
MIL1035791,ECO.02.0011,ECO.02.0011,Shadows of Life and Thought,Arthur Edward Waite,London,1938,1938,eng,yes
MIL1035795,ECO.02.0024/1,ECO.02.0024/1,"Der Signatstern, oder die enthüllten sämmtlichen sieben Grade und Geheimnisse der mystischen Freimaurerei, nebst dem Orden der Magus oder Ritter des L",[Johann Christoph von Wöllner],Stuttgart,1866,1866,ger,
MIL1035798,ECO.02.0024/1,ECO.02.0024/1,1,[Johann Christoph von Wöllner],Stuttgart,1866,1866,ger,yes
MIL1035800,ECO.02.0024/1,ECO.02.0024/1,2,[Johann Christoph von Wöllner],Stuttgart,1866,1866,ger,yes
PUV0598623,ECO.01.0903,ECO.01.0903,Theatrum chemicum britannicum,Elias Ashmole,Hildesheim,1968,1968,eng,yes
MIL1037582,ECO.02.0069,ECO.02.0069,Le diable amoureux,par J. Cazotte,Paris,1845,1845,fre,yes
MIL1037593,ECO.01.0346/1,ECO.01.0346/1,Notice scientifique sur le pendule du Panthéon,par M. Camille Flammarion,Paris,[1902?],1902,fre,yes
MIL1037594,ECO.01.0346/2,ECO.01.0346/2,Electrical Foucault pendulum systems,by Ernest K. Adams,[New York,1904],1904,eng,yes
MIL1038639,ECO.02.0162/5,ECO.02.0162/5,La luxure,par Eugéne Sue,Bruxelles,1849,1849,fre,yes
MIL1038642,ECO.02.0162/6,ECO.02.0162/6,La gourmandise,par Eugène Sue,Bruxelles,1849,1852,fre,yes
MIL1038654,ECO.02.0160,ECO.02.0160,Le batard de Mauléon,par Alexandre Dumas,Paris,1887,1887,fre,
MIL1038822,ECO.02.0165,ECO.02.0165,Vol. 2.,Tallemant des Reaux,Paris,1854,1854,fre,yes
MIL1038823,ECO.02.0165,ECO.02.0165,Vol. 3.,Tallemant des Reaux,Paris,1854,1854,fre,yes
MIL1038829,ECO.02.0165,ECO.02.0165,Vol. 4.,Tallemant des Reaux,Paris,1855,1855,fre,yes
MIL1039012,ECO.02.0168/14,ECO.02.0168/14,Fine books and manuscripts,Sotheby's,New York,1988,1988,eng,yes
MIL1039020,ECO.02.0168/15,ECO.02.0168/15,Important Judaica,Sotheby,New York,1988,1988,eng,
MIL1039053,ECO.02.0168/16,ECO.02.0168/16,A selection of interesting books on various subjects,,Stockholm,1988,1988,eng,
PUVE010185,ECO.01.0886/02,ECO.01.0886/02,"Introductiones apotelesmaticae elegantes, in chyromantiam, physiognomiam, astrologiam naturalem, complexiones hominum, naturas planetarum. Cum periaxi",,,,1522,lat,yes
IEI0058259,ECO.01.0293,ECO.01.0293,Manuel du libraire et de l'amateur de livres,par Jacques-Charles Brunet,Paris,stampa 1965-1966,1965,fre,
IEI0058265,ECO.01.0293,ECO.01.0293,Tome 1: Aa-Chytraeus,,,stampa 1965,1965,fre,yes
IEI0058275,ECO.01.0293,ECO.01.0293,Tome 3: Haag-Myvyrian,,,stampa 1965,1965,fre,yes
IEI0058280,ECO.01.0293,ECO.01.0293,Tome 5: Sa-Zyl,,,stampa 1966,1966,fre,
PUVE013014,ECO.01.0721,ECO.01.0721,Congestorium artificiose memorie u.p.f. Joannis Romberch de Kyrspe. Regularis obseruantie predicatorie: omnium de memoria preceptiones aggregatim comp,,,,1520,lat,yes
CFI0452071,ECO.01.0254/33,ECO.01.0254/33,Marsilio Ficino e il ritorno di Ermete Trismegisto,"\a cura di! Sebastiano Gentile, Carlos Gilly",Firenze,\1999!,1999,ita,yes
IEI0058272,ECO.01.0293,ECO.01.0293,Tome 2: Ciacconius-Gyron,,,stampa 1965,1965,fre,yes
VEAE008422,ECO.01.0866/1,ECO.01.0866/1,"Edouardi Kellaei Angli Tractatus duo egregii, de lapide philosophorum, una cum theatro astronomiae terrestri, cum figuris, in gratiam filiorum Hermeti",,Hamburgi,1676,1676,lat,yes
VEAE008460,ECO.01.0372,ECO.01.0372,Kabbala Denudata seu Doctrina Hebraeorum Tanscendentalis et Metaphysica atque Theologica Opus Antiquissimae Philosophiae Barbaricae variis speciminibu,,Sulzbaci,1677-1684,1677,lat,
SBL0728088,ECO.01.1038,ECO.01.1038,Storia universale,di Giovanni de Muller,Livorno,1849-,1849,ita,
TO00013702,ECO.01.0529,ECO.01.0529,Baconiana,,London,,19..,eng,yes
RAV0052397,ECO.04.0034,ECO.04.0034,Sette anni di desiderio,Umberto Eco,Milano,1983,1983,ita,
TES0035196,ECO.02.0126,ECO.02.0126,1,par A. Toussenel,Paris,1847,1847,fre,yes
VIA0070118,ECO.01.0217,ECO.01.0217,Il mondo di Abramo Ortelio,Giorgio Mangani,Modena,1998!,1998,ita,yes
TO00030740,ECO.02.0168/08,ECO.02.0168/08,Americana vetustissima,,New York,stampa 1990,1990,eng,yes
VIA0090835,ECO.02.0140,ECO.02.0140,1,di Paolo Emiliani-Giudici,Firenze,1855,1855,ita,
VIA0090836,ECO.02.0140,ECO.02.0140,2,di Paolo Emiliani-Giudici,Firenze,1855,1855,ita,
TES0035198,ECO.02.0126,ECO.02.0126,2,par A. Toussenel,Paris,1847,1847,fre,yes
IEI0241016,ECO.02.0124,ECO.02.0124,La mistificazione di Leo Taxil,,Roma,1897,1897,ita,yes
RAV0047653,ECO.04.0001,ECO.04.0001,Il nome della rosa,Umberto Eco,Milano,1980,1980,ita,
MIL0467247,ECO.01.0657,ECO.01.0657,"Cymbalum mundi, sive Symbolum sapientiae","edizione critica a cura di Guido Canziani, Winfried Schröder, Francisco Socas",Milano,2000,2000,ita,
PUVE022035,ECO.01.0407,ECO.01.0407,"Joh. Christophori Steebj ... Coelum sephiroticum Hebraeorum, per portas intelligentiae, Moysi revelatas interiores naturalium rerum characteres abdito",,Moguntiae,1679,1679,lat,
VEAE123368,ECO.01.0041,ECO.01.0041,"Characteres Aegyptii, hoc est, sacrorum, quibus Aegyptii utuntur, simulachrorum accurata delineatio et explicatio, qua antiquissimarum superstitionum ",,Francofurti,1608,1608,lat,yes
VEAE125641,ECO.03.0060/03,ECO.03.0060/03,Pomponij Melle cosmographi de situ orbis liber primus. ...,,,,1478,lat,yes
TES0035194,ECO.02.0126,ECO.02.0126,"Les juifs, rois de l'époque",par A. Toussenel,Paris,,1847,fre,
VEA0121709,ECO.02.0082,ECO.02.0082,L'homme et le mystere en Asie,Ferdinand Ossendowski,Paris,\1925!,1925,fre,yes
VEAE000143,ECO.02.0147,ECO.02.0147,"2: Bibliotheque des romans, avec des remarques critiques sur leur choix & leurs differentes editions. Par m. le C. Gordon de Percel",,A Amsterdam,1734,1734,fre,
IEI0018292,ECO.01.1066,ECO.01.1066,Le service de la Sureté,par G. Mace,Paris,[1884?],1884,fre,yes
SBL0673219,ECO.01.0209,ECO.01.0209,Bibliographie de la Franc-maçonnerie et des sociétés secrètes,Paul Fesch,Bruxelles,1976,1976,fre,
PUVE008244,ECO.01.0624,ECO.01.0624,3,,,,1804,fre,yes
IEI0002740,ECO.01.0254/22,ECO.01.0254/22,Gli emblemi di Andrea Alciato nella edizione Steyner del 1531,Maria Antonietta De Angelis,Salerno,1984,1984,ita,yes
VEA1153513,ECO.02.0139,ECO.02.0139,1,par Alexandre Dumas,Paris,1860,1860,fre,yes
PUVE004598,ECO.01.0662,ECO.01.0662,L'analisi della bellezza scritta col disegno di fissar l'idee vaghe del gusto. Tradotta dall'originale inglese. Di Guglielmo Hogarth,,Livorno,1761,1761,ita,yes
VEAE003286,ECO.02.0154/2,ECO.02.0154/2,La Bersabee di Ferrante Pallauicino,,In Venetia,1655,1655,ita,yes
VEAE004265,ECO.01.0366,ECO.01.0366,"Nihil, fere nihil, minus nihilo: seu De ente, non ente, & medio inter ens, & non ens positiones 26.",\Iacobus Gaffarellus!,Venetiis,1634,1634,lat,yes
MIL1077164,ECO.04.0093,ECO.04.0093,Opera aperta,Umberto Eco,Milano,2023,2023,ita,
SBL0624692,ECO.01.0254/03,ECO.01.0254/03,Alessandria,Piero Angiolini,Alessandria,1981,1981,ita,yes
SBL0650329,ECO.01.0740,ECO.01.0740,Logica memorativa,,Nieuwkoop,1967,1967,lat,yes
PUVE002126,ECO.01.0489,ECO.01.0489,Amusement philosophique sur le language des betes,[G.H. Bougeant],A La Haye,1739,1739,fre,yes
VEAE000141,ECO.02.0147,ECO.02.0147,"De l'usage des romans, ou l'on fait voir leur utilite & leurs differens caracteres: avec une bibliotheque des romans, accompagnee de remarques critiqu",,A Amsterdam,1734,1734,fre,
VEAE000142,ECO.02.0147,ECO.02.0147,1,,,,1734,fre,yes
VEA1230215,ECO.01.0482/19,ECO.01.0482/19,Figure rinascimentali del Comico,Chartaphilus,[S.l.,2007?],2007,ita,yes
PUVE000871,ECO.01.0308,ECO.01.0308,Menippus siue Dialogorum satyricorum centuria inanitatum nostratium speculum. Cum quibusdam aliis liberarioribus..,,Helicone juxta Parnassum \i.e. Strasburg,1617,1617,lat,yes
PUVE004550,ECO.01.0839,ECO.01.0839,"Ortus medicinae. Id est, Initia physicae inaudita. Progressus medicinae novus, in morborum vltionem, ad vitam longam. Authore Ioanne Baptista van Helm",,Amstelodami,1652,1652,lat,yes
SBL0686433,ECO.01.0254/20,ECO.01.0254/20,Bibliographical notes on one hundred books famous in English literature,compiled by Henry W. Kent,[Milton Keynes,2008?],2008,eng,yes
VEA1153511,ECO.02.0139,ECO.02.0139,Ascanio,par Alexandre Dumas,Paris,1860,1860,fre,
VEA1153515,ECO.02.0139,ECO.02.0139,2,par Alexandre Dumas,Paris,1860,1860,fre,yes
VEAE004102,ECO.01.0017,ECO.01.0017,"Della magia naturale del signor Gio. Battista Della Porta napolitano. Libri 20. tradotti dal latino in volgare, e dall'istesso autore accresciuti, sot",,In Napoli,1677,1677,ita,yes
VEAE010508,ECO.02.0102,ECO.02.0102,"Eloge de l'Enfer. Ouvrage critique, historique, et moral",,A Londres,1777,1777,fre,yes
VEAE140717,ECO.03.0058,ECO.03.0058,Introductorium in astronomiam Albumasaris abalachi octo continens libros partiales,,,,1489,lat,yes
VEAE144693,ECO.03.0003,ECO.03.0003,Mercurii Trismegisti Liber de potestate et sapientia dei e graeco in latinum traductus a Marsilio Ficino florentino ad Cosmum Medicem patriae patrem. ,,,,1481,lat,yes
VEAE144883,ECO.01.0735,ECO.01.0735,Iohannis Michaelis Alberti carrariensis de omnibus ingeniis augende memorie: ad prestantissimum virum Alouisium Manentem inclyti Venetorum Senatus sec,,,,1491,lat,yes
SBLE002928,ECO.01.0349,ECO.01.0349,"Gli artificiosi, e curiosi moti spiritali di Herone. Tradotti da M. Gio: Battista Aleotti d'Argenta. Aggiontoui dal medesimo quattro theoremi non men ",,In Bologna,1647,1647,ita,yes
VIA0018002,ECO.04.0020,ECO.04.0020,I fumetti di Mao,"a cura di Jean Chesneaux, Umberto Eco, Gino Nebiolo",Bari,1971,1971,ita,
IEI0133796,ECO.01.1105,ECO.01.1105,Fatti ed argomenti intorno alla massoneria e ad altre società segrete,,Italia,1861,1861,ita,yes
IEI0135304,ECO.02.0090,ECO.02.0090,2,Léo Taxil,Paris,[1885],1885,fre,yes
IEI0137469,ECO.02.0053,ECO.02.0053,La Franc-Maçonnerie,par Léon Meurin,Paris,1893,1893,fre,yes
SGEE001149,ECO.02.0088,ECO.02.0088,"L'ebraismo convinto dalli proprj errori. Opera preziosa di Samuele Rabbino tenuta molto tempo, per odio delli Ebrei, e già per avanti dall'Arabica lin",,In Genova,1725,1725,ita,yes
IEI0135303,ECO.02.0090,ECO.02.0090,1,Léo Taxil,Paris,[1885],1885,fre,yes
SBL0701445,ECO.01.0210,ECO.01.0210,Dictionnaire des ouvrages anonymes et pseudonymes,par Carlos Sommervogel,Amsterdam,1966,1966,fre,yes
IEI0058278,ECO.01.0293,ECO.01.0293,Tome 4: Naasefe-Rzaczynski,,,stampa 1966,1966,fre,yes
PUVE010674,ECO.01.0783/01,ECO.01.0783/01,Ioannis Trithemii abbatis Peapolitani... Libri polygraphiæ 6. Quibus praeter clauem et obseruationes Adolphi a Glauburg patricij Francofurtensis acces,,Argentinae,1600,1600,lat,yes
PUVE028928,ECO.01.0615,ECO.01.0615,Traitté [!] de la situation du paradis terrestre. A messieurs de L'Academie françoisepar Messire Pierre Daniel Huet ...,,A Amsterdam,1701,1701,fre,yes
VEAE124381,ECO.01.0153,ECO.01.0153,"Emblemata Florentii Schoonhovii I.C. Goudani, partim moralia partim etiam civilia. Cum latiori eorundem eiusdem auctoris interpretatione. Accedunt et ",,Goudae,1618,1618,lat,yes
VEAE127532,ECO.01.0102,ECO.01.0102,Auctores vetustissimi nuper in lucem editi. Myrsilius Lesbius Historicus de origine Italiae & Turrenorum. M. Porcius Cato de origine gentium: & urbium,,,,1498,lat,yes
IEI0135301,ECO.02.0090,ECO.02.0090,Les frères trois-points,Léo Taxil,Paris,[1885],1885,fre,
MIL1115400,ECO.04.0053,ECO.04.0053,Dire quasi la stessa cosa,Umberto Eco,Milano,2024,2024,ita,
SBLE012975,ECO.01.0698,ECO.01.0698,"Lettera apologetica dell'Esercitato, accademico della Crusca contenente la difesa del libro intitolato Lettere d'una Peruana, per rispetto alla suppos",,In Napoli,1750,1750,ita,yes
VIA0034555,ECO.01.0254/11,ECO.01.0254/11,Alchimia,a cura di Mino Gabriele,Venezia,1986,1986,ita,yes
MIL1105837,ECO.04.0098,ECO.04.0098,Colloqui con Umberto Eco,Thomas Stauder,Milano,2024,2024,ita,
SBLE018525,ECO.01.0257,ECO.01.0257,Natalis Comitis Mythologiæ siue Explicationis fabularum libri decem. In quibus omnia prope naturalis et moralis philosophiæ dogmata in veterum fabulis,,Patauij,1637,1637,lat,yes
SBLE015280,ECO.01.0899,ECO.01.0899,"Della guerra di Costantinopoli per la restitutione de gl'imperatori Comneni fatta da' sig. venetiani, et francesi l'anno 1204. Libri sei. Di Paolo Ran",,In Venetia,1604,1604,ita,yes
PUV0805880,ECO.01.0927,ECO.01.0927,"Histoire de la démonologie et de la sorcellerie, ...",par sir Walter Scott,Paris,1832,1832,fre,
PUV0805888,ECO.01.0927,ECO.01.0927,Tome premier,,,,1832,fre,yes
PUV0805889,ECO.01.0927,ECO.01.0927,Tome second,,,,1832,fre,yes
VEA0105251,ECO.01.0985/01,ECO.01.0985/01,Die Blatter im Louvre und das verlorene Turiner Gebetbuch,,Luzern,c1994,1994,ger,yes
MIL1073943,ECO.04.0092,ECO.04.0092,Quale verità?,Umberto Eco,Milano,2023,2023,ita,
PUV1182364,ECO.02.0007,ECO.02.0007,Ulysses,by James Joyce,Paris,1926,1926,eng,yes
CFI0317629,ECO.01.0482/12,ECO.01.0482/12,Précurseurs et novateurs,,Paris,1996,1996,fre,yes
VEA0143532,ECO.01.1074,ECO.01.1074,1,da Gius. de Hammer-Purgstall,Padova,1838,1838,ita,yes
VEA0143534,ECO.01.1074,ECO.01.1074,2,da Gius. de Hammer-Purgastall,Padova,1838,1838,ita,yes
VEA0193093,ECO.01.0254/21,ECO.01.0254/21,Il Manuzio,a cura di Antonio Strepparola,[Milano],[2005],2005,ita,yes
PUV1412595,ECO.01.1083,ECO.01.1083,L'enfer démoli,J.-M. Cayla,Paris,1865,1865,fre,yes
MIL1084271,ECO.04.0094,ECO.04.0094,Le poetiche di Joyce,Umberto Eco,Milano,2023,2023,ita,
VEA0123480,ECO.01.0991,ECO.01.0991,L'arte del navegar,di Pietro da Medina,Milano,1962,1962,ita,yes
VEA0143531,ECO.01.1074,ECO.01.1074,Origine potenza e caduta degli Assassini,da Gius. de Hammer-Purgastall,Padova,,1838,ita,
VEA0139089,ECO.01.0254/23,ECO.01.0254/23,"Hermes Trismegistus, pater philosophorum",[samenstelling van tentoonstelling en catalogus: F. van Lamoen],Amsterdam :[Bibliotheca Philosophica Her,1990,1990,dut,yes
PUV0814851,ECO.02.0085,ECO.02.0085,11: Typhonia,Joséphin Peladan,Paris,1892,1892,fre,
SBL0583870,ECO.04.0010,ECO.04.0010,Ammazza l'uccellino,Dedalus [i.e. Umberto Eco!,Milano,1973,1973,ita,
UTO1427716,ECO.02.0021,ECO.02.0021,Histoire de la chimie,par Ferdinand Hoefer,Paris,1866-1869,1866,fre,
MIL1016666,ECO.01.0008,ECO.01.0008,7,par Gaspard Lavater,Paris,1835,1835,fre,yes
MIL1016675,ECO.01.0008,ECO.01.0008,8,par Gaspard Lavater,Paris,1835,1835,fre,yes
MIL1016871,ECO.01.0054,ECO.01.0054,Picture-writing of the American Indians,by Garrick Mallery,Washington,1894,1894,eng,yes
MIL1016886,ECO.01.0055,ECO.01.0055,"Sign language among North American Indians, compared with that among other peoples and deaf-mutes",by Garrick Mallery,,,1881,eng,yes
MIL1022794,ECO.01.0002,ECO.01.0002,I marmi,[Anton Francesco Doni],Santiago de Compostela,1999,1999,ita,
MIL1022920,ECO.01.0179,ECO.01.0179,"Bibliographie occultiste et maçonnique. Tome 1., jusq'à l'année 1717",E. Jouin et V. Descreux,Paris,1930,1930,fre,yes
MIL1022966,ECO.01.0208,ECO.01.0208,1.1: A - Callisthene,,Paris,1869,1869,fre,yes
MIL1022969,ECO.01.0208,ECO.01.0208,1.2: Calmels - Eyonal,par J.M. Querard,Paris,1869,1869,fre,yes
MIL1023062,ECO.01.0254/05,ECO.01.0254/05,Notules sur l'art de distinguer les ouvrages provenant des bibliothèques de Monsieur Stanislas de Guaïta (1861-1897),par Guy Bechtel,Paris,1998,1998,fre,yes
MIL1023210,ECO.01.0254/25,ECO.01.0254/25,Bibliographie d'Antoine Faivre,,[S.l.,1988,1988,fre,yes
MIL1023212,ECO.01.0254/26,ECO.01.0254/26,Bibliographia Kabbalistica,von Gerhard Scholem,Leipzig,1927,1927,ger,yes
MIL1023229,ECO.01.0254/28,ECO.01.0254/28,"Bibliotheca Philosophica Hermetica, J. R. Ritman Library, Amsterdam",[eindredactie  F. A. Janssen ... et al.,Amsterdam,1997,1997,eng,yes
MIL1023326,ECO.01.0254/48,ECO.01.0254/48,"Per la ""Technica curiosa"" di Kaspar Schott",[Nino Borsellino,Roma,[2000?],2000,ita,yes
MIL0170470,ECO.04.0044,ECO.04.0044,La ricerca della lingua perfetta nella cultura europea,Umberto Eco,Roma,\1993!,1993,ita,
MIL1026621,ECO.01.0482/08,ECO.01.0482/08,"Amoenitates poeticae latinae modernae, sive catalogus librorum poetar. latinor. sec. 11.-20.",cum cura et studio scripsit Gérard Oberlé ...,Montigny-sur-Canne,1987,1987,lat,yes
MIL1026819,ECO.01.0482/25,ECO.01.0482/25,Schaubühne wundersamer Wesen und Unwesen,,Stuttgart,[dopo il 2002],2002,ger,yes
MIL1027042,ECO.01.0521,ECO.01.0521,Confessio fidei Francisci Baconi baronis de Verulam vicecomitis Sancti Albani anglico sermone ante annum 1604 conscripta; cum versione latina a Guilel,,Halis Saxonum,1896,1896,lat,yes
MIL1027233,ECO.01.0530,ECO.01.0530,"Langue universelle de l'humanité, ou, Télégraphie parlée par le nombre agissant, réduisant à l'unité tous les idiomes du globe compris instantanément ",par Aldrick Caumont,Paris,1867,1867,fre,yes
MIL1027237,ECO.01.0546,ECO.01.0546,"Origine de la forme des caractères alphabétiques de toutes les nations, des clefs chinoises, des hiéroglyphes égyptiens, etc.",démontrée ... par Moreau de Dammartin,Paris,1839,1839,fre,yes
PUV0456900,ECO.01.1062,ECO.01.1062,Causes criminelles et mondaines de 1886,Albert Bataille,Paris,1887,1887,fre,
MIL1027279,ECO.01.0348,ECO.01.0348,Appunti storici intorno alle ricerche sui piccoli e spontanei moti dei pendoli fatte dal secolo 17. in poi,del p. d. Timoteo Bertelli,Bologna,[19..],1900,ita,yes
MIL1027811,ECO.01.0809,ECO.01.0809,"Rivers of life, or sources and streams of the faiths of man in all lands; showing the evolution of faiths from the rudest symbolisms to the latest spi",by J. G. R Forlong,London,1883,1883,eng,
PUV0551301,ECO.01.0128,ECO.01.0128,Vie militaire et religieuse au moyen age et a l'epoque de la renaissance,Paul Lacroix,Paris,1873,1873,fre,yes
USME024249,ECO.01.0977,ECO.01.0977,"[34]: Frederici Ruyschii ... Curæ posteriores, seu Thesaurus anatomicus omnium præcedentium maximus ...",,Amstelodami,1738,1738,lat,yes
USME024253,ECO.01.0977,ECO.01.0977,"[37]: Io. Christoph. Bohlii ... Dissertatio epistolica. Ad virum clarissimum, Fredericum Ruyschium ... de usu nouarum cavæ propaginum in systemate chy",,Amstelodami,1744,1744,lat,yes
USME024254,ECO.01.0977,ECO.01.0977,"[38]: Frederici Ruyschii ... Responsio, ad Dissertationem epistolicam, viri doctissimi, Joh. Christoph. Bohlii ... quam, de usu novarum cavae propagin",,Amstelodami,1725,1725,lat,yes
USME032011,ECO.01.0359,ECO.01.0359,1,,,1815,1815,fre,
MIL1028532,ECO.01.0879/05,ECO.01.0879/05,Deutsche Literatur der Barockzeit,"in Zusammenarbeit mit M. Edelmann, Buchhandlung und Antiquariat, Nürnberg",Basel,[1968?],1968,ger,yes
MIL1028687,ECO.01.0909,ECO.01.0909,Hörbigers Glacial-Kosmogonie,bearbeitet mit eigenen Erfahrungen gestützt und herausgegeben von Ph. Fauth,Kaiserslautern,1913,1913,ger,yes
MIL1035004,ECO.01.0961,ECO.01.0961,Gremoire du Pape Honorius avec un recueil des plus rares secrets,,[S.l.,1670 [i.e. 1920?],1920,fre,yes
MIL1035006,ECO.01.0985/02,ECO.01.0985/02,Kleine Kulturgeschichte des Chronogramms,Johannes B. Bauer,Graz,1994,1994,ger,yes
MIL1035009,ECO.01.0987,ECO.01.0987,Chronograms 5000 and more in number excerpted out of various authors and collected at many places,by James Hilton,London,1882,1882,eng,yes
MIL1035410,ECO.01.1071,ECO.01.1071,2,,New York,1917,1917,eng,yes
MIL1035483,ECO.01.1090,ECO.01.1090,Voyage aux pays mysterieux,par Louis Jacolliot,Paris,[188.?],1880,fre,yes
MIL1035621,ECO.01.1099,ECO.01.1099,Paris-comédien,"par les auteurs des Mémoires de Bilboquet [T. Delord, A. Frémy, E. Texier]",Paris,1854,1854,fre,yes
MIL1035737,ECO.02.0010,ECO.02.0010,Le roman comique,Scarron,Paris,[1927?],1927,fre,
MIL1035738,ECO.02.0010,ECO.02.0010,1,Scarron,Paris,[1927?],1927,fre,yes
MIL1035793,ECO.02.0023,ECO.02.0023,La cathédrale,J. K. Huysmans,Paris,1898,1898,fre,yes
MIL1035794,ECO.02.0022,ECO.02.0022,Là-bas,J.K. Huysmans,Paris,1891,1891,fre,
MIL1037487,ECO.02.0058,ECO.02.0058,1: France,par M. Emile Marco de Saint-Hilaire,Paris,1849,1849,fre,yes
MIL1037507,ECO.02.0059,ECO.02.0059,Mission des juifs,Saint-Yves D'Alveydre,Paris,1884,1884,fre,yes
MIL1037719,ECO.02.0073,ECO.02.0073,Vol. 2,John Retcliffe,München,[1924],1924,ger,yes
MIL1037721,ECO.02.0074,ECO.02.0074,"Essais de sciences maudites. 1, Au seuil du mystère",par Stanislas De Guaita,Paris,1886,1886,fre,yes
MIL1038289,ECO.02.0129,ECO.02.0129,Vol. 1,par J. Crétineau Joly,Tournai,1846,1846,fre,yes
MIL1038291,ECO.02.0129,ECO.02.0129,Vol. 2,par J. Crétineau Joly,Tournai,1846,1846,fre,yes
MIL1038293,ECO.02.0129,ECO.02.0129,Vol. 3,par J. Crétineau Joly,Tournai,1846,1846,fre,yes
MIL1038522,ECO.02.0145,ECO.02.0145,Les Mystères de la science,par Louis Figuier,Paris,[1887],1887,fre,
MIL1028406,ECO.01.0835,ECO.01.0835,Familiar studies of men and books,by Robert Louis Stevenson,London,1888,1888,eng,
PUV0604785,ECO.01.0994,ECO.01.0994,Histoire générale et particulière des anomalies de l'organisation chez l'homme et les animaux,par Isidore Geoffroy Saint-Hilaire,Paris,1832-,1832,fre,
MIL1036614,ECO.01.1107,ECO.01.1107,Vita di Giuseppe Musolino e la fuga,,Fiorenzuola,1900,1900,ita,yes
MIL1036620,ECO.02.0042,ECO.02.0042,Jadis et aujourd'hui,Julian-Damazy,[S.l.],1921,1884,fre,
MIL1037311,ECO.02.0055,ECO.02.0055,Vol. 2: The history of freemasonry and masonic digest,by J.W.S. Mitchell,New York,[186.],1860,eng,yes
UTO0964775,ECO.01.0823,ECO.01.0823,Les moeurs et la caricature en France,par J. Grand-Carteret,Paris,,1888,fre,yes
FOG0480256,ECO.01.0911,ECO.01.0911,5,Dupuis,Paris,1835,1835,fre,yes
IEI0018293,ECO.01.1066,ECO.01.1066,La police parisienne,G. Macé,Paris,1884-,1884,fre,
PUVE007449,ECO.01.0056/02,ECO.01.0056/02,"2: Tomus alter. Qui quae contineat, pagina proxima indicatur. Additus estrerum & verborum index accuratissimus",,Lugduni,Sumptibus Sib. a Por,1587,lat,yes
PUVE007456,ECO.01.0056/01,ECO.01.0056/01,\1!,,,,1587,lat,yes
VEA1024492,ECO.01.0824,ECO.01.0824,Il libro rosso,C. G. Jung,Torino,2010,2010,ita,yes
IEI0030654,ECO.01.1065,ECO.01.1065,Histoire des sociétés secrètes et du parti républicain de 1830 à 1848,par Lucien de La Hodde,Paris,1850,1850,fre,yes
VEAE001461,ECO.01.0287,ECO.01.0287,"Athanasii Kircheri e Societate Iesu Historia Eustachio-Mariana qua admiranda D. Eustachij, sociorumque vita ex varijs authoribus collecta; locus in qu",,Romae,1665,1665,lat,yes
PUVE008241,ECO.01.0624,ECO.01.0624,"Histoire comparée des systemes de philosophie, relativement aux principes des connaissances humaines. Par J.M. Degerando ... Tome premier [-troisieme]",,A Paris,an XII 1804,1804,fre,
PUVE008242,ECO.01.0624,ECO.01.0624,1,,,,1804,fre,yes
PUVE008243,ECO.01.0624,ECO.01.0624,2,,,,1804,fre,yes
VEAE003914,ECO.01.0900,ECO.01.0900,L'isole piu famose del mondo descritte da Thomaso Porcacchi da Castiglione arretino e intagliate da Girolamo Porro padouano conl'aggiunta di molte iso,,In Venetia,1604,1604,ita,yes
MIL1027307,ECO.01.0548,ECO.01.0548,Langue musicale universelle,"inventée par François Sudre, également inventeur de la téléphonie",Paris,1866,1866,fre,yes
PUV0783551,ECO.02.0140,ECO.02.0140,Storia della letteratura italiana,di Paolo Emiliani-Giudici,Firenze,1855,1855,ita,
TO00953568,ECO.01.1101,ECO.01.1101,Cyrano de Bergerac,Edmond Rostand,Paris,1898,1898,fre,yes
TO00961966,ECO.01.1063,ECO.01.1063,Variations de la personnalité,par H. Bourru et P. Burot,Paris,1888,1888,fre,yes
RAV0235554,ECO.02.0167,ECO.02.0167,Sotto il velame,Giovanni Pascoli,Bologna,1912,1912,ita,yes
LIA0236022,ECO.01.0686,ECO.01.0686,"La cryptographie dévoilée, ou Art de traduire ou de déchiffrer toutes les écritures en quelques caractères et en quelques langues que ce soit, qoique ",par Ch.-Fr. Vesin,Bruxelles,1840,1840,fre,yes
RAV0173744,ECO.04.0036,ECO.04.0036,Il secondo diario minimo,Umberto Eco,Milano,1992,1992,ita,
LIAE001587,ECO.01.0105,ECO.01.0105,Rationale diuinorum officiorum a R.D. Gulielmo Durando ... nunc recens utilissimis Adnotationibus illustratum. Adiectum fuit prætereà aliud Diuinorum ,,Lugduni,1565,1565,lat,yes
LIAE030081,ECO.01.0307,ECO.01.0307,Menippus sive Dialogorum Satyricorum centuria inanitatum nostratium speculum. In grammatticorum gratiam castigatum. ...,,Cosmopili [i.e. Strasburgo],1618,1618,lat,yes
TO00704018,ECO.02.0072,ECO.02.0072,Bibliographie de l'Ordre des Templiers,M.Dessubré,Paris,1928,1928,fre,yes
LIG0158668,ECO.01.0439,ECO.01.0439,Le diable amoureux,J. Cazotte,Paris,1878,1878,fre,
TO00935286,ECO.02.0143,ECO.02.0143,Les merveilles de la science,par Louis Figuier,Paris,,1831,fre,yes
TO00957998,ECO.01.0528,ECO.01.0528,Some acrostic signatures of Francis Bacon together with some others all of which are now for the first time deciphered and published by William Stone ,,Boston,1909,1909,eng,yes
TO00892118,ECO.01.0994,ECO.01.0994,Tome 1,par Isidore Geoffroy Saint-Hilaire,Paris,1832,1832,fre,yes
TO00751233,ECO.01.0098,ECO.01.0098,Divina proportione,Luca Pacioli,Torino,stampa 1999,1999,lat,yes
RAV0202350,ECO.02.0003,ECO.02.0003,Il gesuita moderno,per Vincenzo Gioberti,Losanna,1846-1847,1846,ita,
TO00771693,ECO.01.0254/44,ECO.01.0254/44,Geheimnisse der Alchemie,"Manuel Bachmann, Thomas Holfmeier",Basel,c1999,1999,ger,yes
VIA0303940,ECO.04.0011,ECO.04.0011,Tre racconti,"Eugenio Carmi, Umberto Eco",Milano,2015,2015,ita,
VIA0361378,ECO.04.0088,ECO.04.0088,Sulla televisione,Umberto Eco,Milano,2018,2018,ita,
CFI0746959,ECO.01.1038,ECO.01.1038,1,Giovanni de Muller,Livorno,1849,1849,ita,yes
CFI0746966,ECO.01.1038,ECO.01.1038,4,Giovanni de Muller,Livorno,1849,1849,ita,yes
RAV0097727,ECO.01.0497,ECO.01.0497,L'imperatore inesistente,"Jean-Baptiste Peres, Richard Whately e Aristarchus  Newlight",Palermo,[1989],1989,ita,yes
RAV0082776,ECO.04.0024,ECO.04.0024,2: L'arte come invenzione,[a cura] di Eugenio Battisti,Milano,[1969],1969,ita,
TO00300754,ECO.01.0174,ECO.01.0174,2: E-L,Albert L. Caillet,Nieuwkoop,1964,1964,fre,yes
IEI0690780,ECO.02.0029,ECO.02.0029,Le palladisme,par Domenico Margiotta,Grenoble,1895,1895,fre,yes
IEIE005901,ECO.02.0013,ECO.02.0013,"2: Mêmeté des quatre vœux de la compagnie de S. Ignace, et des quatre grades de la maçonnerie de S. Jean. Seconde Partie",,Orient de Londres,1788,1788,fre,yes
CFI0746960,ECO.01.1038,ECO.01.1038,2,Giovanni de Muller,Livorno,1849,1849,ita,yes
CFI0746965,ECO.01.1038,ECO.01.1038,3,Giovanni de Muller,Livorno,1849,1849,ita,yes
TO00321574,ECO.01.0254/39,ECO.01.0254/39,Achille Bocchi and the emblem book as symbolic form,Elizabeth See Watson,Cambridge,1993,1993,eng,yes
CFI0759278,ECO.01.0648,ECO.01.0648,Trattato dei tre impostori,prefazione di Piergiorgio Odifreddi,Prato,2009,2009,ita,
TO00300621,ECO.01.0183,ECO.01.0183,Bibliotheca chemica,John Ferguson,London,1954,1954,eng,
TO00300625,ECO.01.0183,ECO.01.0183,2,John Ferguson,London,1954,1954,eng,yes
IEIE001671,ECO.01.1080,ECO.01.1080,Gli arcani svelati o sia Il cagliostrismo smascherato dove si dimostrano i fonti dell'empietà della pretesa scienza occulta con un parallelo fra gli a,,[Venezia],1791,1791,ita,yes
TO00300624,ECO.01.0183,ECO.01.0183,Vol. 1,John Fer,n,,1954,eng,yes
TO00300752,ECO.01.0174,ECO.01.0174,Manuel bibliographique des sciences psychiques ou occultes,Albert L. Caillet,Nieuwkoop,1964,1964,fre,
TO00300753,ECO.01.0174,ECO.01.0174,1: A-D,Albert L. Caillet,Nieuwkoop,1964,1964,fre,yes
TO00300756,ECO.01.0174,ECO.01.0174,3: M-Z,Albert  L. Caillet,Nieuwkoop,1964,1964,fre,yes
IEI0686205,ECO.02.0040,ECO.02.0040,Histoire des Rose-Croix,Sédir,Paris,1910,1910,fre,
IEI0768085,ECO.04.0100,ECO.04.0100,Riflessioni sul dolore,Umberto Eco,Milano,2025,2025,ita,
IEIE001119,ECO.02.0100,ECO.02.0100,"Compendio della vita, e delle gesta di Giuseppe Balsamo denominato il conte Cagliostro che si è estratto dal processo contro di lui formato in Roma l'",,In Roma,1791,1791,ita,yes
IEIE002996,ECO.01.0625/6,ECO.01.0625/6,Saggio di un trattato di morale in forma di catechismo pubblicato in seguito degli Elementi d'ideologia dll \sic! Sig. Co: Destut-Tracy del Cav. Compa,,Milano,1819,1819,ita,yes
TO00182350,ECO.01.1054,ECO.01.1054,Le crapouillot,,Paris,,1915,fre,
VIA0325982,ECO.01.0985/04,ECO.01.0985/04,Joyce's Dublin,by David Norris,Dublin,1982,1982,eng,yes
MILE062286,ECO.01.0029,ECO.01.0029," La géomance du seigneur Christofe de Cattan, gentilhomme genevoys. Livre non moins plaisant et recréatif, que d'ingénieuse invention, pour sçavoir to",,A  Paris,à l'enseigne de la C,1577,fre,yes
MILE062316,ECO.01.0009,ECO.01.0009,1.,,,1783,1783,ger,yes
MILE062321,ECO.01.0082,ECO.01.0082,Aureum planeque diuimũ opusculũ Mercurij Trismegisti de potestate ac sapiencia dei interprete Marsilio Ficino florentino.,,,,1503,lat,yes
MILE062374,ECO.01.0195,ECO.01.0195,"Emblemata, sive symbola: a principibus, viris eeclesiasticis, ac militaribus ... devises ou emblemes pour princes, gens d'eglise, gens de guerre et au",,Bruxellae,ex officina Huberti ,1624,lat,yes
MILE062380,ECO.01.0229/03,ECO.01.0229/03,"Tractatus nobilis primus, in quo alchimiae seu chemicae, artis antiquissimae nobilissimae & iucundissimae, cum inventio et progressio, obscuratio et i",,Lipsiae,1607,1607,lat,yes
MILE062382,ECO.01.0241,ECO.01.0241,"Abrahami patriarchae liber Iezirah, sive Formationis mundi, patribus quidem Abrahami tempora praecedentibus revelatus, sed ab ipso etiam Abrahamo expo",,Parisiis,1552,1552,lat,
MILE062388,ECO.01.0250/01,ECO.01.0250/01,"Auriferae artis, das ist, Der Goldkunst: die man Chemiam nennt, urälteste Authores und Anfänger. Oder: Turba philosophorum ... Philosophi Rogeri Bacho",,Getruckt zu Franckfort,1608,1608,ger,yes
MILE062390,ECO.01.0103,ECO.01.0103,Compendium perclarum ad introductionem iuuenum in facultate logice per clarum artium doctorem ac theologie professorem magistrum Paulum Pergulensem nu,,,,1486,lat,yes
MILE062409,ECO.01.0291,ECO.01.0291,Athanasii Kircheri Fuldensis Buchonii e Soc. Iesu. Prodromus Coptus siue Aegyptiacus. Ad eminentiss. principem S.R.E. cardinalem Franciscum Barberinum,,Romæ,1636,1636,lat,yes
MILE062422,ECO.01.0309,ECO.01.0309,"Prodromus Rhodo-Stauroticus, Parergi Philosophici, das ist Vortrab und Entdeckung derer Hocherleuchten, Gottseligen und weitberühmten Brüderschafft vo",,[S.l.,1620,1620,ger,yes
MILE062435,ECO.01.0300,ECO.01.0300,"Fortalitium Scientiae, Das ist Die unfehlbare volkommeliche unerschätzliche Kunst aller Künsten und magnalien; welche allen würdigen ... studiosis die",,[S.l.],1617,1617,ger,yes
MILE062439,ECO.01.0304,ECO.01.0304,Sendtschreiben Oder Einfeltige Antwort an die Hocherleuchte Brüderschafft deß hochlöblichen Ordens dess RosenCreutzes Auff Die von ihnen aussgefertigt,,Franckfurt,1615,1615,ger,yes
MILE062446,ECO.01.0316,ECO.01.0316,"Apologie pour tous les grands hommes, qui ont esté accusez de magie. Par Mr. Naudé",,A Paris,1669,1669,fre,yes
MILE062453,ECO.01.0318,ECO.01.0318,"Mysterium magnum : das ist das allergrösseste Geheimbnys 1 von Gott, von 2 seinem Sohne und von 3 der Seele dess Menschen Julii Sperberi",,Amsterdam,1660,1660,ger,yes
MILE062455,ECO.01.0319,ECO.01.0319,"Allgemeine und General Reformation der gantzen weiten Welt : Beneben der Fama Fraternitatis, Dess Löblichen Ordens des Rosencreutzes, an alle Gelehrte",,Regenspurg [i.e. Berlin],1681 [i.e. 1781],1681,ger,yes
MILE062464,ECO.01.0324/2,ECO.01.0324/2,Des längst gewünschten und versprochenen chemisch-philosophischen Probier-Steins ... in welcher sich befinden die sophisten und alle derselbigen zuget,,Franckfort und Leipzig,1753,1753,ger,yes
MILE062469,ECO.01.0250/2,ECO.01.0250/2,Filum Ariadnes Das ist Newer Chymischer Discurs Von den grawsamen verführischen Irrwegen der Alchymisten dardurch sie selbst und viel Leute neben ihne,,[Coburg],1636,1636,ger,yes
MILE062473,ECO.01.0250/5,ECO.01.0250/5,Keslerus Redivivus das ist Fünff hundert ausserlesene Chymische Process und Artzneyen  theils zu innerlichen und eusserlichen Leibskranckheiten theils,,Franckfurt am Mayn,1641,1641,ger,yes
MILE062478,ECO.01.0250/4,ECO.01.0250/4,"Magnesia Catholica Philosophorum das ist Höheste Nothwendigkeit in Alchymia, auch Mügliche uberkommung, Augenscheinliche weisung und Gnugsame Erweisun",,,,1599,ger,yes
MILE062479,ECO.01.0324/1,ECO.01.0324/1,"Der längst gewünschte und versprochene chemisch-philosophische Probier-Stein, auf welchem sowohl der wahrhaftigen hermetischen Adeptorum als der verfü",,Franckfort und Leipzig,1753,1753,ger,yes
MILE062487,ECO.01.0328/1,ECO.01.0328/1,"Versuch einer schwedischen Grammatica, fürnehmlich zum Gebrauch eines. Teutschen verfasst und herausgegeben von And. Herdmann",,Uppsala,1738,1738,ger,yes
MILE062492,ECO.01.0332,ECO.01.0332,"Vindiciae Rhodostauroticae, Das ist: Warhaffter gegenbericht der Gottseeligen Fraternitet deß Rosencreutzes unnd gegründte widertreibung der vor wenig",,[S.l.],1619,1619,ger,yes
MILE062497,ECO.01.0336,ECO.01.0336,"Sendbrieff oder Bericht An Alle welche von der Newen Brüderschafft der Ordens vom Rosen Creutz genant, etwas gelesen, oder von andern per modum discur",,[S.l.],1615,1615,ger,yes
MILE062507,ECO.01.0337,ECO.01.0337,Fama remissa ad fratres Roseae Crucis. Antwort auff die famam und confessionem der Löblichen Brüderschafft vom Rosen-Creutz,,,1616,1616,ger,yes
MILE062511,ECO.01.0341,ECO.01.0341,Apologia F. R. C. Das ist: Kurtze Jedoch warhaffte und wolgegründte Ablehnung aller derer beschuldigung damit inn verwichener Franckfurter Herbstmäß d,,[S.l.],1620,1620,ita,yes
MILE062516,ECO.01.0345,ECO.01.0345,Unparteiische Samlungen zur Historie der Rosenkreuzer ... Von D. Joh. Salomo Semler,,Leipzig,1786-1788,1786,ger,
MILE062519,ECO.01.0345,ECO.01.0345,3,,Leipzig,1788,1788,ger,yes
MILE062555,ECO.01.0114,ECO.01.0114,Fasciculus temporum omnes antiquorum chronicas complectens,,,[trs il 1490 e il 14,1490,lat,yes
MILE062638,ECO.03.0067/02,ECO.03.0067/02,Processus iudiciarius Panormitani,,,[circa 1490],1490,lat,yes
MILE062639,ECO.03.0013/02,ECO.03.0013/02,Venerabilis Alani Liber in distinctionibus dictionum theologicalium feliciter incipit,,,[non dopo il 1473],1473,lat,yes
MILE062646,ECO.01.0595,ECO.01.0595,"Enquiries touching the diuersity of languages, and religions, through the chiefe parts of the world. VVritten by Edvv. Brerevvood lately professour of",,London,1622,1622,eng,yes
MILE062664,ECO.01.0596,ECO.01.0596,Le second livre des Illustrations de Gaule et singularitez de Troye,,,,1512,fre,yes
MILE062695,ECO.01.0640,ECO.01.0640,"La nouvelle Atlantide, de François Bacon, chancelier d'Angleterre. Traduite en franeçois, et t continuée. Avec des réflexions sur l'institution & les ",,A Paris,1702,1702,fre,yes
MILE062726,ECO.01.0694,ECO.01.0694,Le Maitre d'Armes ou l'exercice de l'Espée seulle dans sa perfection ... par le Sieur De Liancour,,Paris,1692,1692,fre,
MILE062736,ECO.01.0715,ECO.01.0715,"Souvenirs du cours de mnemotechnie, de M. Aime Paris",,"A Paris . chez l'auteur, quai d'Anjou, n",1830 juillet,1830,fre,yes
MILE062767,ECO.01.0773,ECO.01.0773,"Steganographiae nec non Clavicvlae Salomonis germani, Ioannis Trithemii ... genuina, facilis, dilucidaque declaratio; : ex quâ constabit liquido omnia",,Colonia Agrippinae,typis Egmondanis sum,1635,lat,yes
MILE062787,ECO.01.0801,ECO.01.0801,"Memoirs of secret service by Matthew Smith of the Inner-Temple, Esq",,London,1699,1699,eng,
MILE062791,ECO.01.0810,ECO.01.0810,"Des tropes ou des diférens sens dans lesquels on peut prendre un même mot dans une même langue. Ouvrage utile pour l'intelligence des auteurs, & qui p",,Paris,1730,1730,fre,yes
MILE062811,ECO.01.0841,ECO.01.0841,"Demonologie ou traitte des demons et Sorciers : De leur puissance et impuissance ; Ensemble l'Antidemon de Mascon, Ou histoire veritable de ce qu'un D",,A Genève,1653,1653,fre,yes
MILE062861,ECO.01.0868/2,ECO.01.0868/2," Le grand Éclaircissement de la pierre philosophale, pour la transmutation de tous les métaux  par Nicolas Flamel",,A Amsterdam et se trouve à Paris,1782,1782,fre,yes
MILE062888,ECO.01.0917,ECO.01.0917,"Les oeuvres magiques de Henri-Corneille Agrippa, mises en français par Pierre d'Aban ; avec ces secrets occultes, notamment celuis de la reine des mou",,A Rome,1744,1744,fre,yes
MILE062906,ECO.01.0948,ECO.01.0948,"Theatrum chemicum Britannicum : containing severall poeticall pieces of our famous english philosophers, who have written the hermetique mysteries in ",,London,1652,1652,eng,
MILE062915,ECO.01.0953,ECO.01.0953,"Les admirables secrets d'Albert Le Grand. Contenant plusieurs traites sur la conception des femmes, des vertus des herbes, des pierres precieuses & de",,A Lion,1752,1752,fre,yes
MILE062983,ECO.01.1022,ECO.01.1022,Primiere partie,,,1823,1823,fre,yes
MILE062984,ECO.01.1022,ECO.01.1022,Seconde partie,,,1823,1823,fre,yes
MILE063017,ECO.01.1084,ECO.01.1084,"La lire maçonne, ou Recueil de chansons des francs-maçons revu, corrigé, mis dans un nouvel ordre, & augmenté de quantité de chansons qui n'avoient po",,A La Haye,1775,1775,fre,yes
MILE063027,ECO.01.0962,ECO.01.0962,"Mr. William Lilly's history of his life and times, from the year 1602, to 1681. Written by himself in the 66th year of his age, to his worthy friend E",,London,1715,1715,eng,yes
MILE063029,ECO.01.0171,ECO.01.0171,"Christeliicken waerseggher, de principale stucken van t'Christen geloof en Leuen int cort begrijpende. Met een rolle der deugtsaemheyt daer op dienend",,T'Antwerpen,1603,1602,dut,
MILE063035,ECO.02.0027,ECO.02.0027,"An essay concerning human understanding. Written by John Locke, Gent",,London,1823,1823,eng,
MILE063036,ECO.01.0303/03,ECO.01.0303/03,"Effroyables pactions faictes entre le diable & les pretendus invisibles. Avec leurs damnables instructions, perte deplorable de leurs escoliers, & leu",,,,1624,fre,yes
MILE063037,ECO.01.0310,ECO.01.0310,"Fama Fraternitatis, oder entdeckung der Bruderschafft deß löblichen Ordens deß RosenCreutzes. Beneben der confession oder Bekanntnuß derselben Fratern",,Gedruct zu Franckfurt am Mayn,durch Johann Bringer,1615,ger,yes
MILE063038,ECO.02.0027,ECO.02.0027,1,,,1823,1823,eng,yes
MILE063039,ECO.02.0027,ECO.02.0027,2,,,1823,1823,eng,yes
MILE063044,ECO.01.0326,ECO.01.0326,"Azoth et ignis, das ist das wahre elementarische wasser und feuer oder Mercurius Philosophorum, als das einige nothwendige der Fundamental-Uranfänge .",,Leipzig: Michael Blochberger,1749,1749,ger,yes
MILE063048,ECO.02.0054,ECO.02.0054,Tome premier,,,1789,1789,fre,yes
MILE063057,ECO.02.0112/2,ECO.02.0112/2,Des mystères d'Isis par T. P. Boulage ... Ouvrage posthume,,A Paris,1820,1820,fre,yes
MILE063058,ECO.01.0452,ECO.01.0452,"Atalanta fugiens, hoc est, emblemata noua de secretis naturae chymica, accommodata partim oculis & intellectui, figuris cupro incisis, adiectisque sen",,Oppenheimii,1618,1618,lat,yes
MILE063060,ECO.01.0472,ECO.01.0472,1,,,,1785,ger,yes
MILE063061,ECO.02.0133,ECO.02.0133,5: Suite de l'espion dans les cours des princes chretiens  ou Lettres et memoires ...,,A Cologne,1700,1700,fre,yes
MILE063062,ECO.01.0590,ECO.01.0590,"The mathematical and philosophical works of the Right Reverend John Wilkins,  late lord bishop of Chester ... To which is prefix'd the author's life, ",,London,1708,1708,eng,yes
MILE063063,ECO.02.0133,ECO.02.0133,6: Suite de l'espion dans les cours des princes chretiens,,A Cologne,1700,1700,fre,yes
MILE063147,ECO.02.0093/01,ECO.02.0093/01,Loi téléologique du hazard.,,La data presunta si ricava dalla sottosc,le 19 mars 1828,1828,fre,
MILE063166,ECO.01.0643,ECO.01.0643,"Aristotelis de Republica, qui Politicorum dicuntur, libri 8, Ioachimo Perionio Benedictino Cormoeriaceno interprete: locis aliquot nuper ab ipso recog",,Parisiis,1574,1574,lat,yes
MILE063242,ECO.01.1023,ECO.01.1023,"Verbesserter Schreib- Calender, auf das Jahr nach unsers Herrn und Seligmachers Iesu Christi geburt 1739 wobey der Julianische, Gregorianische und ein",,Braunschweig,,1739,ger,yes
MILE063244,ECO.01.0323,ECO.01.0323,"The English physitians guide: or A holy-guide, leading the vvay to know all things, past, present and to come, to resolve all manner of question, viz.",,London,and are to be sold a,1662,eng,yes
RAV1809000,ECO.01.0254/13,ECO.01.0254/13,Index librorum prohibitorum,,Molinella,stampa 2008,2008,ita,yes
MILE062334,ECO.01.0139,ECO.01.0139,"La philosophie des images enigmatiques, ou il est traitè des enigmes, hieroglyphiques, oracles, propheties, sorts, divinations, loteries, talismans, s",,A Lyon,1696,1694,fre,yes
MILE062342,ECO.01.0166,ECO.01.0166,"Mater Amoris Et Doloris, Quam Christus In Cruce Moriens Omnibus Ac Singulis Suis Fidelibus In Matrem Legavit: Ecce Mater Tua. Nunc Explicata per Sacra",,Augustae Vindelicorum,1726,1726,lat,yes
MILE062399,ECO.01.0285,ECO.01.0285,"Joco-seriorum naturæ et artis, sive, Magiæ naturalis centuriæ tres, das ist, Drey-Hundert nütz- und lustige Sätze allerhand merckwürdiger Stücke, von ",,Bamberg,1677,1677,lat,yes
MILE062412,ECO.01.0294,ECO.01.0294,"Crux absque Cruce Das ist Wolvermeynte Defension, deren inter Mundi calumnias blühenden Teutschen Gesellschafft ad S. Sanctum Genannt Vom Rosencreutz.",,,1517,1617,ger,
MILE062419,ECO.01.0303/1,ECO.01.0303/1,"Advertissement pieux et très utile des Frères de la Rose Croix, à fçavoir : s'il y en a ? quels ils sont ? d'où ils ont prins ce nom ?... escrit et mi",,A Paris,1623,1623,fre,yes
MILE062421,ECO.01.0296,ECO.01.0296,"Epitimia Fr. R. C. Das ist Endliche Offenbahrung, oder Entdeckung und Verthäydigung dess Ordens dess Rosencreutzes, auch derselben runden warhafften b",,[S.l.],1619,1619,ger,yes
MILE062425,ECO.01.0311,ECO.01.0311,Instruction a la France sur la vérité de l'histoire des freres de la Roze-Croix par G.Naude parisien,,A Paris,1623,1623,fre,yes
MILE062429,ECO.01.0312,ECO.01.0312,"Le tombeau de Jacques Molai, ou histoire secrète et abrégée des initiés, anciens et modernes, des Templiers, francs-maçons, illuminés, etc.Et recherch",,A Paris,,1796,fre,yes
MILE062432,ECO.01.0299,ECO.01.0299,"Helias Tertius, Das ist Vrtheil oder Meinung von dem Hochlöblichen Orden der Brüderschafft des Rosencreutzes Zur Antwort vff deroselben zwo unterschie",,[S.l.],1616,1616,ger,yes
MILE062434,ECO.01.0298,ECO.01.0298,Fons Gratiae: Das ist Kurtze Anzeyg und Bericht wenn zu welcher Zeit unnd Tag der jenigen/ so von der ... Fraternitet dess Rosen Creutzes zu Mitbrüder,,[S.l.],1619,1619,lat,yes
MILE062441,ECO.01.0305,ECO.01.0305,Sendschreiben An die glorwürdige Brüderschaft des Hochlöblichen Ordens vom Rosen-Creutze. Von einem derselben besondern Liebhaber gestellet,,[S.l.],1615,1615,ger,yes
MILE062466,ECO.01.0325,ECO.01.0325,"Propædeumata aphoristica Ioannis Dee, Londinensis, de præstantioribus quibusdam",,Londini,1568 (Excusum London,1568,lat,yes
MILE062481,ECO.01.0322,ECO.01.0322,"Chymische Hochzeit Christiani Rosencreütz anno 1459 Arcana publicata vilescunt; & gratiam prophanata amittunt. Ergo: ne Margaritas obiice porcis, seu ",,Strassburg,1616,1616,ger,
MILE062482,ECO.01.0328/2,ECO.01.0328/2,"Göldene quelle der natur und kunst, bestehende In lauter wahrhafften und durch die experienz bestätigten experimentis, aus welchen die arbeitenden ein",,[Breslau],1711,1711,ger,
MILE062491,ECO.01.0329,ECO.01.0329,Ueber den Ursprung und die vornehmsten Schicksale der Orden der Rosenkreuzer und Freymaurer : eine historisch-kritische Untersuchung  von Johann Gottl,,Gottingen,1803,1804,ger,yes
MILE062495,ECO.01.0335,ECO.01.0335,"Antikrisis ad responsum florentini De Valentia: das ist kurtze duplic unnd defension, auff die widerantwort replic, oder confutation der missiven von ",,[S.l.],1618,1618,ger,yes
MILE062508,ECO.01.0338,ECO.01.0338,"Speculum constantiae, das ist, eine nohtwendige vermahnung an die jenige/ so ihre Namen bereits bey der heiligen/ gebenedeiten Fraternitet deß Rosencr",Auß sonderbahrem geheiß/ unnd befelch hochgedachter Gesellschafft ad S. S. verfe,,1618,1618,ger,yes
MILE062509,ECO.01.0339,ECO.01.0339,Colloquium Rhodostauroticum. Das ist Gespräch dreyer Personen von der vor wenig Jahren durch die Famam & Confessionem etlicher massen geoffenbarten Fr,,[S.l.],1621,1621,ger,yes
MILE062510,ECO.01.0340,ECO.01.0340,"Echo Der von Gott hocherleuchten Fraternitet, dess löblichen Ordens R. C. : Das ist Exemplarischer Beweiss Das nicht allein das jenige was jtzt in der",,Dantzig,1616,1616,ger,yes
MILE062517,ECO.01.0345,ECO.01.0345,1,,Leipzig,1786,1786,ger,yes
MILE062518,ECO.01.0345,ECO.01.0345,2,,Leipzig,1787,1787,ger,yes
MILE062526,ECO.01.0374,ECO.01.0374,Vnheard-of curiosities : concerning the talismanical sculpture of the Persians; the horoscope of the patriarkes; and the reading of the stars. Written,,London,1650,1650,eng,yes
MILE062528,ECO.01.0360,ECO.01.0360,1,,London,1764,1764,eng,yes
MILE062529,ECO.01.0360,ECO.01.0360,2,,London,1764,1764,eng,yes
MILE062530,ECO.01.0360,ECO.01.0360,3,,London,1772,1772,eng,yes
MILE062531,ECO.01.0360,ECO.01.0360,4,,London: printed for G. Robinson,1781,1781,eng,yes
MILE062552,ECO.01.0411,ECO.01.0411,"Raphael oder Artzt-Engel. Auf ehmalges Ersuchen eines gottliebenden Medici, A. S. Auffgesetzt von H. Abraham von Franckenberg, ... im Jahr 1633, jetzo",,Zu Amsterdam,1676,1676,ger,yes
LIG0373292,ECO.01.0100/1,ECO.01.0100/1,Livres et documents choisis,,Paris,stampa 1988,1988,fre,yes
RAV1686724,ECO.02.0091,ECO.02.0091,Les livres secrets des confesseurs,Leo Taxil,Paris,[1898],1898,fre,yes
RAV1596905,ECO.04.0056,ECO.04.0056,Storia della bruttezza,a cura di Umberto Eco,[Milano],2007,2007,ita,
TO01705027,ECO.01.0834,ECO.01.0834,"48: Dictionnaire des sciences occultes, savoir, de aeromancie, alchimie, alectryomancie, aleuromancie, ..., ou Repertoire universel, des etres, des pe",,Paris,1861,1861,fre,yes
TO01705028,ECO.01.0834,ECO.01.0834,"49: Dictionnaire des sciences occultes, savoir, de aeromancie, alchimie, alectryomancie, aleuromancie, ..., ou Repertoire universel, des etres, des pe",,Paris,1860,1860,fre,yes
RAV1619557,ECO.02.0066,ECO.02.0066,Les Juifs et nos contemporains,François Bournand,Paris,[18..],1831,fre,yes
MILE062558,ECO.01.0104,ECO.01.0104,Tractatus de venenis. A magistro petro de Abbano edit,,,,1484,lat,yes
MILE062565,ECO.01.0458,ECO.01.0458,Iugement et censure du livre de la Doctrine curieuse de François Garasse,,A Paris,1623,1623,fre,yes
MILE062577,ECO.01.0479,ECO.01.0479,A true & faithful relation of what passed for many yeers between Dr. John Dee ... and some spirits : tending ... to a general alteration of most state,,London,1659,1659,eng,yes
MILE062579,ECO.01.0484,ECO.01.0484,L'Anthropozoon ou l'homme bête,,,1765,1765,fre,yes
MILE062581,ECO.01.0491,ECO.01.0491,Entretiens sur la nature de l'ame des bêtes,,A Colmar,1756,1756,fre,yes
MILE062584,ECO.01.0483,ECO.01.0483,1.,,,,1740,ger,yes
MILE062585,ECO.01.0483,ECO.01.0483,2.,,,,1741,ger,yes
MILE062586,ECO.01.0483,ECO.01.0483,3.,,,,1742,ger,yes
MILE062588,ECO.01.0532/01,ECO.01.0532/01,"The Philosophy of Words, in two dialogues brtween the author and crito, containing an explanation, with various specimens of the first language, ... a",,London,near Lincoln's-Inn F,1769,eng,yes
MILE062589,ECO.01.0532/02,ECO.01.0532/02,"The circles of Gomer or, an essay towards an investigation and introduction of the English, as an universal language, upon the first principles of spe",,London,1771,1771,eng,yes
MILE062590,ECO.01.0536,ECO.01.0536,"Erklärung wie die Wechselseitige Gedanken-Mittheilung aller cultivirten Völker des Erdkreises oder Die Pasiphrasie möglich und ausüblich sei, ohne Erl",,Dessau,1797,1797,ger,
MILE062592,ECO.01.0539/02,ECO.01.0539/02,The fountain of monition and intercommunication divine : Shewing plainly both how the spirit of God applies himself to men; and withal shewing most cl,,London,1703,1703,eng,yes
MILE062598,ECO.01.0540,ECO.01.0540,Tome quatrieme,,,1779,1779,fre,yes
MILE062624,ECO.01.0577,ECO.01.0577,Berosus Babilonicus De his quae praecesserunt inundationem terrarum. Item Myrsilus de origine Turrenorum. Cato in fragmentis. Archilocus in epitheto d,,[Parigi],,1510,lat,yes
MILE062641,ECO.01.0591,ECO.01.0591,"The discovery of a world in the moone. Or a discourse tending to prove, that 'tis probable there may be another habitable world in that planet",,London,1638,1638,eng,yes
MILE062659,ECO.01.0602,ECO.01.0602,"Joh. Amos Comenii Orbis sensualium pictus, hoc est omnium principalium rerum & in vita actionum pictura & nomenclatura. Den synliga werlden, det är: a",,Stockholm,1796.,1796,lat,yes
MILE062661,ECO.01.0596,ECO.01.0596,Les illustrations de Gaule et singularitez de Troye. Fratris Petri Lauinij Lingonensis ... Distichon ... Auec les deux epistres de Lamant Vert compose,,,,1512,fre,
MILE062692,ECO.01.0480,ECO.01.0480,"The magus, or Celestial intelligencer; being a complete system of occult philosophy. In three books: containing the antient and modern practice of the",,London: Lackington & Allen & C.,1801,1801,eng,
MILE062715,ECO.01.0669,ECO.01.0669,"Q.D.B.V. Exercitium academicum, circa praescientiam daemonum expendendam occupatum, quod ... in illustri salana, sub praesidio ... Dn. M. Johannis Chr",,Jenae,1666,1666,lat,yes
MILE062778,ECO.01.0797,ECO.01.0797,"Via Regia ad omnes scientias et artes hoc est: ars universalis scientiarum omnium artiumque arcana facilius penetrandi, et de quocunq[ue] proposito th",,Norimbergae,1691,1691,lat,
MILE062786,ECO.01.0799,ECO.01.0799,"Histoire naturelle et moralle des Indes, tant orientalles, qu'Occidentalles: où il est traicté des choses remarquables du ciel, des elemens, metaux, p",,A Paris,1606,1606,fre,yes
MILE062788,ECO.01.0805,ECO.01.0805,"Cryptomenysis patefacta, or, The art of secret information disclosed without a key : containing, plain and demonstrative rules, for decyphering all ma",,London,1685,1685,eng,
MILE062844,ECO.01.0857,ECO.01.0857,Constantini Francisci de Cauz in Academia Roboretana Quireni De cultibus magicis eorumque perpetuo ad ecclesiam et rempublicam habitu libri duo. Cum a,,Vindobonae,1767,1767,lat,yes
MILE062865,ECO.01.0881,ECO.01.0881,"Nueua descripcion del orbe de la tierra. En que se trata de todas sus partes interiores, y exteriores, ... uso, y fabrica de los mapas, y tablas geogr",,En Valencia,1681,1681,spa,yes
MILE062876,ECO.01.0892,ECO.01.0892,"Sphaera Ioannis de Sacrobosco emendata. Eliae Vineti santonis scholia in eandem sphaeram, ab ipso autore restituita, et annotationibus Iacobi Martini ",,Pariis,1619,1619,lat,yes
MILE062890,ECO.01.0918,ECO.01.0918,"Extracto de los Pronosticos de el gran Piscator de Salamanca, desde el año de 1725 hasta el de 1753 : compone este libro todas las dedicatorias, prolo",,En Salamanca,1752,1752,spa,yes
MILE062891,ECO.01.0920,ECO.01.0920,"Saducismus triumphatus, or, Full and plain evidence concerning witches and apparitions in two parts : the first treating of their possibility, the sec",,London,1681,1681,eng,yes
MILE062908,ECO.01.0950,ECO.01.0950,"Cosmopolite, ou Nouvelle lumiere chimique, pour servir d'eclaircissement aux trois principes de la nature exactement décrits dans les trois traites su",,A Paris,1723,1723,fre,
MILE062924,ECO.01.0967,ECO.01.0967,2,,,,1598,ger,yes
MILE062925,ECO.01.0967,ECO.01.0967,3.,,,,1599,ger,yes
MILE062945,ECO.01.0965,ECO.01.0965,"Furni Novi Philosophici Oder Beschreibung einer neu-erfundenen Distillir-Kunst : Auch was für Spiritus, Olea, Flores, und andere dergleichen Vegetabil",,Prag,1700,1700,ger,yes
MILE062968,ECO.01.1006/02,ECO.01.1006/02,"La teinture de l'or, ou le véritable or potable... par Jean Rudolphe Glauber, et mise en françois par le Sr Du Teil",,Paris,1659,1659,fre,yes
MILE063014,ECO.01.1061,ECO.01.1061,Pars altera,,,1757,1757,lat,yes
MILE063015,ECO.01.1075,ECO.01.1075,"Le Voile levé pour les curieux, ou le Secret de la Révolution de France révélé, à l'aide de la franc-maçonnerie suivi de la Conjuration contre la reli",,Paris et se trouve à Liège,1816,1816,fre,
MILE063021,ECO.01.1086,ECO.01.1086,2,,,1752,1752,fre,yes
MILE063024,ECO.01.0160,ECO.01.0160,"Joannes Frobenius studiosis s. d. Damus nunc vobis Orum Apollinem Niliacum de Hieroglyphicis notis, a Bernardino Trebatio Veicetino latinitate donatum",,Venundantur Parisiis,,1519,lat,yes
MILE063032,ECO.01.1104,ECO.01.1104,Die neuesten Arbeiten des Spartacus und Philo in dem Illuminaten-Orden jetzt gedruckt und zur Beherzigung bey gegenwärtigen Zeitläufen herausgegeben,,[S.l,1794,1794,ger,yes
MILE063034,ECO.01.0303/02,ECO.01.0303/02,"Examen sur l'Inconnue et nouuelle caballe des freres de la Rozee-Croix, habituez depuis peu de temps en la Ville de Paris. Ensemble l'histoire des mœu",,,1624,1624,fre,
MILE063047,ECO.02.0054,ECO.02.0054,"Histoire secrete de la cour de Berlin, ou Correspondance d'un voyageur francois, depuis le 5 Juillet 1776 jusq'au 19 Janvier 1787. Ouvrage posthume. T",,,1789,1789,fre,
MILE063049,ECO.02.0054,ECO.02.0054,Tome second,,,1789,1789,fre,yes
MILE063051,ECO.02.0101,ECO.02.0101,Mémoires pour servir à l'histoire du jacobinisme par m. l'Abbé Barruel. Tome premier [-quatrieme],,Ausbourg,1799,1799,fre,
MILE063052,ECO.02.0101,ECO.02.0101,Tome premiere,,,1799,1799,fre,yes
MILE063054,ECO.02.0101,ECO.02.0101,Tome troisieme,,,1799,1799,fre,yes
MILE063055,ECO.02.0101,ECO.02.0101,Tome quatrieme,,,1799,1799,fre,yes
MILE063059,ECO.01.0472,ECO.01.0472,Geheime figuren der Rosenkreuzer aus dem 16ten und 17ten Jahrhundert. Erstes (-zweites). Heft aus einem alten Mscpt zum erstenmal aus licht gestellt,,Altona,1785-1788,1785,ger,
MILE063064,ECO.02.0135,ECO.02.0135,"Memoires de mr d'Artagnan, capitaine-lieutenant de la premiere compagnie des Mousquetaires du roi, contenant quantite de choses particulieres & secret",,A Cologne,1700,1700,fre,
MILE063066,ECO.02.0135,ECO.02.0135,"1 Memoires de mr. D'Artagnan, capitaine-lieutenant de la premiere compagnie des mousquetaires du roi, contenant quantité de choses particulieres et se",,A Cologne,1700,1700,fre,yes
MILE063068,ECO.02.0135,ECO.02.0135,Tome troisieme,,,1701,1701,fre,
RAV1949692,ECO.04.0064,ECO.04.0064,1: L'antichità. Le civiltà del vicino Oriente,a cura di Umberto Eco,Milano,2011,2011,ita,
MILE062313,ECO.01.0062/04,ECO.01.0062/04," I.N.R.J. De corvo dissertatio historico-philologico-physica quam praeside M. Rangone, P.P.  placido oppositurorum examini subjicit Tobias Schultze Sp",,Stetini,[1668?],1668,lat,yes
MILE062315,ECO.01.0009,ECO.01.0009,J. C. Lavaters Physiognomische Fragmente zur Beförderung der Menschenkenntniß und Menschenliebe.,,Winterthur,1783-84,1783,ger,
MILE062318,ECO.01.0078,ECO.01.0078,"Marcelli Palingenii Stellati poetae doctissimi Zodiacus vitæ, hoc est, de hominis vita, studio, ac moribus optimè instituendis libri 12. ... Opus mirè",,Basileae,1563,1563,lat,yes
MILE062325,ECO.01.0076,ECO.01.0076,"Essay des merveilles de Dieu en l'harmonie des temps qui ont precedé les jours de Christ,... par Jean d'Espagne",,[Parigi],1668,1668,fre,yes
MILE062326,ECO.01.0110,ECO.01.0110,Rudimentorum Cosmographicorum Joan. Honteri Coronensis libri 4. cum elegantissimis tabellis geographicis recens sculptis & editis,,Pragae,1595,1595,lat,yes
MILE062335,ECO.01.0142,ECO.01.0142,Deuises heroiques et emblemes de m. Claude Paradin. Reueues & augmantees de moytie,,A Paris,1615,1610,fre,
MILE062379,ECO.01.0229/02,ECO.01.0229/02,"De igne magorum philosophorumque secreto externo et visibili: das ist: philosophische Erklährung, von, und uber dem geheymen, eusserlichen, sichtbaren",,Strassburg,1608,1608,ger,yes
MILE062381,ECO.01.0235,ECO.01.0235,An enquiry into the nature and place of hell,,London,1714,1714,eng,yes
MILE062383,ECO.01.0242,ECO.01.0242,"La doctrine du siecle dore, ou De l'evangelike regne de Jesus roy des roys. par Guillaume Postel",,,,1553,fre,yes
MILE062520,ECO.01.0345,ECO.01.0345,4,,Leipzig,1788,1788,ger,yes
MILE062527,ECO.01.0360,ECO.01.0360,"The works of Jacob Behmen, the teutonic theosopher. Volume 1 [- 4]",,London,1764-1781,1764,eng,
MILE062536,ECO.01.0383/1,ECO.01.0383/1,Philosophia moysaica. In quia sapientia & scientia creationis & creaturarum sacra veréque Christiana (vt pote cujus basis sive fundamentum est unicus ,,Goudæ,1638,1638,lat,yes
MILE062546,ECO.01.0404,ECO.01.0404,"Tractatus apologeticus integritatem societatis de Rosea Cruce defendens. In qua probatur contra D. Libavij & aliorum ejusdem farinae calumnias, quod a",,Lugduni Batavorum,1617,1617,lat,yes
MILE063070,ECO.01.0588/03,ECO.01.0588/03,Il polo liceo della lingua maestra in Europa tripartitamente dilucidato al mondo da Gio. Pietro Erico,,In Venezia,1678,1678,ita,yes
MILE063071,ECO.01.0642,ECO.01.0642,"Sylva sylvarum: or a naturall historie. In ten centuries ... Published after the authors death, by William Rawley ...",,London,1631,1631,eng,yes
MILE063077,ECO.03.0016,ECO.03.0016,Offenbarung Göttlicher Mayestat : Darinnen angezeygt wird Wie Gott der Herr Anfänglich sich allen seinen Geschöpffen mit Worten und Wercken geoffenbar,,[Hanau],1619,1619,ger,yes
MILE063078,ECO.03.0022/01,ECO.03.0022/01,"Dyas chymica tripartita, das ist: sechs herrliche teutsche philosophische tractätlein : deren ... von an itzo noch im leben ... von mitlern alters und",,Franckfurt am Mayn,1625,1625,ger,yes
MILE063086,ECO.01.0782,ECO.01.0782,"Le grant voyage de Jhérusalem diuise en deux parties. En la premiere est traicte des peregrinations de la saincte cité de Jhérusalem, du mont saincte ",,Imprime à Paris,,1517,fre,yes
MILE063092,ECO.01.0791/01,ECO.01.0791/01,"Allergerechtest Von Ihro Römischen Kayserlichen und Königl. Cathol. Majest ...  ergangene Resolutiones und Mandata, Ueber die zwischen Einem Hoch-Edle",,,,1726,ger,yes
MILE063117,ECO.01.0831/01,ECO.01.0831/01,"Erster Theyl Theatri diabolorum Das ist Warhaffte eigentliche und kurtze Beschreibung Allerley grewlicher, schrecklicher und abschewlicher Laster so i",,,,1587,ger,yes
MILE063118,ECO.01.0831/02,ECO.01.0831/02,"Ander Theyl Theatri diabolorum Das ist Warhaffte eigentliche und kurtze Beschreibung Allerley grewlicher, schrecklicher und abschewlicher Laster so in",,,,1587,ger,yes
MILE063119,ECO.03.0050,ECO.03.0050,"Von hylealischen, das ist pri-materialischen catholischen oder algemeinem natürlichen chaos der naturgemessen alchymiae und alchymisten; wiederholete ",,Gedruckt zu Mägdeburg,1597,1597,ger,yes
MILE063123,ECO.01.0842,ECO.01.0842,"Discours fait en une célèbre assemblée par le chevalier Digby, cancelier de la reine de la grande Bretagne & c. Touchant la guérison des playes par la",,A Paris,1658,1658,fre,
MILE063133,ECO.01.0873,ECO.01.0873,"Aurevm vellus, oder, Guldin Schatz und Kunst-Kammer, darinnen der aller fürnemisten, fürtreffenlichsten ... Reliquien und Monumenten der Aegyptiorum, ",,Hamburg,1708,1708,ger,yes
MILE063139,ECO.01.0942,ECO.01.0942,2. Operum pars posterior. Quorum catalogum exhibebunt tibi paginae sequentes. Una cum rerum et verborum hoc tomo memorabilium indice & locuplete & cer,,,,1600,lat,yes
MILE063146,ECO.02.0093/02,ECO.02.0093/02,Loi téléologique du hazard.,,Paris,,1828,fre,yes
MILE063149,ECO.03.0070,ECO.03.0070,"Astronomia magna oder Die gantze Philosophia sagax der grossen und kleinen Welt, des von Gott hocherleuchten, erfahrnen, und bewerten teutschen Philos",Philippi Theophrasti Bombast / genannt Paracelsi magni ... was die Geister durch,Mit Röm. Keys. Maiest. gnad und Freyheit,1571,1571,ger,yes
TO01836511,ECO.01.0254/02,ECO.01.0254/02,Anima mundi,"Marco Ariani, Paolo Pampaloni",Milano,2011,2011,ita,
RAV1954770,ECO.04.0079,ECO.04.0079,16: Il Medioevo. Alto medioevo,a cura di Umberto Eco,Milano,2011,2011,ita,
TO01884297,ECO.02.0131,ECO.02.0131,2: Sociétés secretes,par Pierre Zaccone,Paris,[18..],1831,fre,yes
MILE062560,ECO.01.0436,ECO.01.0436,"Thomas Campanella, von der Spanischen Monarchy, oder Aussführliches Bedencken, welcher massen, von dem König in Hispanien, zu nunmehr lang gesuchter W",,[S.l.],1620,1620,ger,yes
MILE062562,ECO.01.0444,ECO.01.0444,"Michaelis Maieri Cantilenae intellectuales de phoenice redivivo, ou, chansons intellectuelles sur la resurrection du phenix, par Michel Maier, &c. Tra",,A Paris,1758,1758,fre,yes
MILE062563,ECO.01.0447,ECO.01.0447,"Lusus serius, quo Hermes, sive Mercurius rex mundanorum omnium sub homine existentium, post longam disceptationem in concilio octovirali habitam, homi",,Oppenheimii,1616,1616,lat,yes
MILE062564,ECO.01.0454,ECO.01.0454,"Verum inuentum, hoc est, Munera Germaniae, ab ipsa primitus reperta ... Tractatus peculiari euoluta & tradita authore Michaele Maiero, comite imperial",,Francofurti,1619,1619,lat,yes
MILE062591,ECO.01.0539/01,ECO.01.0539/01,"Lingua tersancta, or, A most sure and compleat allegorick dictionary to the holy language of the spirit : carefully and faithfully expounding and illu",,London,1703,1703,eng,yes
MILE062593,ECO.01.0540,ECO.01.0540,"Cataractes de l'imagination, déluge de la scribomanie, vomissement littéraire, hémorragie encyclopédique, monstre des monstres par Epiménide l'inspiré",,"Dans l'antre de Trophonius, au pays des ",1779,1779,fre,
MILE062597,ECO.01.0540,ECO.01.0540,Tome troisieme,,,1779,1779,fre,yes
MILE062602,ECO.01.0543,ECO.01.0543,Dictionnaire néologique à l'usage des beaux esprits du siècle: Avec l' Eloge historique de Pantalon-Phoebus ... par l'auteur du Dictionnaire néologiqu,,A Amsterdam et Leipzig,1756,1756,fre,yes
MILE062607,ECO.01.0570,ECO.01.0570,De recta nominum impositione: a Ponto Tyardaeo Bissiano Cabilonensi episcopo,,Lugduni,1602,1602,lat,yes
MILE062620,ECO.03.0007,ECO.03.0007,Incipit prohemium de proprietatibus rerum fratris Bartholomei anglici de ordine fratrum minorum,,,,1480,lat,yes
MILE062621,ECO.01.0567,ECO.01.0567,"Abrah. Vander-Milii  Lingva Belgica sive de linguae illius communitate tum cum plerisque alijs, tum pr[a]esertim cum Latinâ, Graecâ, Persicâ, deque co",,Lugduni Batavorum,1612,1612,lat,yes
MILE062623,ECO.01.0582,ECO.01.0582,"Didascalocophus or the deaf and dumb mans tutor, to which is added a discourse of the nature and number of double consonants ... of the subjects. By G",,In Oxford,1680,1680,eng,
MILE062626,ECO.03.0013/01,ECO.03.0013/01,Incipit liber primus Ethimologiarum Isidori Hispalensis episcopi. De disciplina et arte,,,[circa 1473],1473,lat,yes
MILE062628,ECO.01.0587,ECO.01.0587,"Mercury, or The secret and swift messenger: shewing, how a man may with privacy and speed communicate his thoughts to a friend at any distance",,London,1641.,1641,ita,
MILE062640,ECO.01.0747,ECO.01.0747,"Rationarium Evangelistarum, omnia in se evangelia, prosa, versu, ymaginibusque..... complectens",,,[1505],1505,lat,yes
MILE062642,ECO.01.0592,ECO.01.0592,"L'homme dans la lune ou le voyage chimérique fait au monde de la lune, nouvellement découvert par Dominique Gonzales, advanturier espagnol, autrement ",,A Paris,1648,1648,fre,yes
MILE062651,ECO.01.0607,ECO.01.0607,"Ekskybalauron or, The discovery of a most exquisite jewel, more precious then diamonds inchased in gold, the like whereof was never seen in any age : ",,London,1652,1652,ita,
MILE062652,ECO.01.0608,ECO.01.0608,Nicolai Klimii Iter subterraneum nouamtelluris theoriam ac historiam quintæ monarchiæ adhuc nobis incognitæ exhibens e bibliotheca B. Abelini,,Hafniæ & Lipsiæ,1745,1745,lat,yes
MILE062660,ECO.01.0621,ECO.01.0621,Algebrae philosophicae in usum artis inveniendi specimen primum Ludovici Richeri,,Turin,[1760-1761],1760,lat,yes
MILE062663,ECO.01.0596,ECO.01.0596,1.,,,,1512,fre,yes
MILE062665,ECO.01.0596,ECO.01.0596,Le tiers livre des illustrations de Gaule et singularitez de Troye.,,,,1513,fre,yes
MILE062674,ECO.01.0596/04,ECO.01.0596/04,Le traictie intitule de la difference des scismes et des concilles de leglise. Et de la preeminence et utilite des concilles de la saincte eglise gall,,,(Lyon) 1511,1511,fre,yes
MILE062679,ECO.01.0596/05,ECO.01.0596/05,La legende des Venitiens. Ou autrement leur cronicque abbregee. Par laquelle est demonstre le tres juste fondement de la guerre contre eulx. La plainc,,,,1512,fre,yes
MILE062680,ECO.01.0596/06,ECO.01.0596/06,Lepistre du Roy a Hector de Troye. Et aucunes aultres oeuvres assez dignes de veoir.,,,,1513,fre,yes
MILE062691,ECO.01.0630,ECO.01.0630,"Herrn von Veneroni Italiänisch-Frantzösisch- und Teutsche Grammatica, oder Sprach Meister, so ordentlich eingerichtet, dass man darinnen ... mit neuen",,Franckfurt und Leipzig,1724,1733,ger,
MILE062718,ECO.01.0675,ECO.01.0675,"Nouvelles dissertations sur plusieurs questions importantes et curieuses, qui n'ont point été traitées dans le commentaire litteral sur tous les livre",,A Paris,1720,1720,fre,yes
MILE062724,ECO.01.0684/02,ECO.01.0684/02,"Aristotelis Stragyrite Dialectica,  cum quinque vocibus Porphyrii Phenicis, Argyropilo traductore, a Joanne Eckio theologo facili explanatione declara",,,,1517,ger,
MILE062728,ECO.01.0697,ECO.01.0697,"Traité complet de mnémonique, ou art d'aider et de fixer la mémoire en tous genres d'études et de sciences, orné d'un tableau d'application a l'histoi",,A Lille,1808,1808,fre,yes
MILE062730,ECO.01.0713,ECO.01.0713,"Dialectica analogicis imaginibus Illustrata, In phantasiae, et localis memoriae auxilium, ad faciliorem rerum logicarum perceptionem et mentis, et ocu",,Friburgi Brisgoiae,1771,1771,ita,yes
MILE062747,ECO.01.0718,ECO.01.0718,Nicolai Chappusii de mente et memoria libellus vtilissimus: ad Carolum Guillar dum Consiliarium regium: et senatorii ordinis presidem dignissimum.,,[Parigi],,1513,lat,yes
MILE062748,ECO.01.0736,ECO.01.0736,"Le triomphe de l'archee, et la merueille du monde, ou la medecine vniuerselle et veritable pour toutes sortes de maladies ...",,A Paris,,1661,fre,yes
MILE062751,ECO.01.0753,ECO.01.0753,Arbor scientiæ venerabilis et cælitus illuminati patris Raymundi Lullii Maioricensis. Liber ad omnes scientias utilissimus.,,,1515,1515,lat,yes
MILE062766,ECO.01.0772,ECO.01.0772,Specimen steganographiae Ioannis Trithemii abbatis spanheimensis Quo Auctoris ingenuitas demonstratur & opus à superstitione absoluitur cum Vindiciis ,,Duaci,1641,1641,lat,yes
MILE062771,ECO.01.0789,ECO.01.0789,"Adriani Scriecki Rodorni serenissimis Belgarum principibus a consiliis, Adversariorum libri 4. His argumentis : linguam hebraicam esse divinam & primo",,Ypris Flandrorum,1620 (Ipris Flandror,1620,lat,yes
MILE062772,ECO.01.0795,ECO.01.0795,"Le Contr'espion, Ou Les Clefs De Toutes Les Correspondances Secrettés",,A Paris,1793,1793,fre,yes
MILE062774,ECO.01.0796,ECO.01.0796,"A treatise on the art of decyphering, and of writing in cypher with an harmonic alphabet",,London,1777,1772,eng,yes
MILE062796,ECO.01.0815,ECO.01.0815,Les images ou tableaux de platte peinture des deux philostrates sophistes grecs et les statues de Callistrate mis en francois par Blaise de Vigenere b,,A Paris,1614,1614,fre,yes
MILE062845,ECO.01.0863,ECO.01.0863,Le cabaliste amoureux et trompe. Histoire veritable et recente.,,A Amsterdam,1743,1743,fre,yes
MILE062858,ECO.01.0866/2,ECO.01.0866/2,"De Lapide Philosophorum, Tractatus Duodecim, e naturae fonte, & Manuali experi. Autor sum, qui Divi Leschi Genus Amo",,Francofurti,1611,1611,lat,yes
MILE062859,ECO.01.0868/1,ECO.01.0868/1,"Histoire critique de Nicolas Flamel et de Pernelle sa femme, recueillie d'actes anciens qui justifient l'origine & la médiocrité de leur fortune contr",,Paris,1761,1761,fre,yes
MILE062899,ECO.01.0929,ECO.01.0929,"Daemoniaci cum locis infestis et terriculamentis nocturnis. In est, libri tres, quibus spirituum homines obsidentium atque infestantium genera, ... ex",,Coloniae Agrippinae,1631,1631,lat,yes
MILE062900,ECO.01.0938,ECO.01.0938,"A treatise proving spirits, witches, and supernatural operations, by pregnant instances and evidences together with other things worthy of note by Mer",,London,1672,1672,eng,
MILE062929,ECO.01.0973/02,ECO.01.0973/02,"Georgii Wolffgangi Wedelii D. Medici Ducalis Saxo-Gothani, Acad. Curios. Specimen experimenti chimici noui, de sale uolatili plantarum, quo demonstrat",,Francofurti,1672,1672,lat,yes
MILE062967,ECO.01.1006/01,ECO.01.1006/01,"La consolation des navigants. Dans laquelle est enseigné à ceux qui voyagent sur mer un moyen de se garantir de la faim et de la soif, voire même des ",,A Paris,1659,1659,fre,yes
MILE063067,ECO.02.0135,ECO.02.0135,Tome second,,,1701,1701,fre,yes
MILE063069,ECO.02.0154/1,ECO.02.0154/1,"Il diuortio celeste, cagionato dalle dissolutezze della Sposa Romana. & consacrato alla simplicita de' scropolosi christiani",,In Ingelstatt,1643,1643,ita,yes
MILE063073,ECO.01.0678,ECO.01.0678,An essay towards a real character and a philosophical language by John Wilkins,,London,1668,1668,eng,yes
MILE063075,ECO.02.0155,ECO.02.0155,"La vraye histoire comique de Francion. Composée par N. de Moulinet sieur Du Parc, gentilhomme Lorrain. Amplifiée en plusieurs endroits, & augmentée da",,A Troyes,1646,1646,fre,yes
MILE063136,ECO.01.0941,ECO.01.0941,2. operum pars posterior,,,,1630,lat,yes
MILE063142,ECO.01.0943/02,ECO.01.0943/02,"Siebender Theil Der Bücher und Schrifften des Edlen Hochgelehrten vnd Bewehrten Philosophi vnnd Medici, Philipi Theophrasti Bombast von Hohenheim Para",,Getruckt zu Basel,1590,1590,ger,yes
MILE063143,ECO.01.1005/01,ECO.01.1005/01,"Longitudinum terrestrium necnon coelestium, nova et hactenus optata scientia. ... Qua cuiusuis Terrae loci in quo sit statio; et cuiuslibet astri visi",,Parisiis,1634,1634,lat,yes
MILE063145,ECO.01.1092,ECO.01.1092,Freyherrn von Knigge Welt- und Menschenkenntniß. Ein Pendant zu dem Buche Umgang mit Menschen,,Auf Kosten des Verfassers,1796,1796,ger,
MILE063148,ECO.03.0029,ECO.03.0029,"Heures a lusaige de Romme tout au long sans rien requerir. Avec les figures de la vie de lhomme, et la destruction de hierusalem.",,,,1514,lat,yes
MILE063151,ECO.01.0778,ECO.01.0778,Cryptographia oder Geheime schrifft- münd- und würckliche Correspondentz welche lehrmäßig vorstellet eine hoch-schätzbare Kunst verborgene Schrifften ,,Hamburg,1684,1684,ger,yes
TO01884282,ECO.02.0131,ECO.02.0131,Histoire des sociétés secrètes politiques et religieuses,par P. Zaccone,Paris,,1831,fre,
TO01884287,ECO.02.0131,ECO.02.0131,1,par P. Zaccone,Paris,[18..],1831,fre,yes
TO00640936,ECO.02.0138,ECO.02.0138,Margherita Pusterla,di Cesare Cantù,Milano,1854,1854,ita,yes
TO00716698,ECO.01.0206,ECO.01.0206,Imprimeurs imaginaires et libraires supposés,par Gustave Brunet,Paris,1866,1866,fre,
TO00707994,ECO.01.0711,ECO.01.0711,Manuale di mnemotecnica ossia Dell'arte di ajutare ed accrescere la memoria,,Pavia,1841,1841,ita,yes
VIAE011596,ECO.01.0594/1,ECO.01.0594/1,"Histoire critique du Vieux Testament, par le R.P. Richard Simon, prêtre de la Congregation de l'Oratoire",,A Rotterdam,1685,1685,fre,yes
MILE001870,ECO.01.0108,ECO.01.0108,Incipit liber phisionomiae: quae compilauit magister Michael Scotus ad preces D. Federici romanorum imperatoris,,,,1477,lat,yes
MILE001874,ECO.01.0106,ECO.01.0106,Albertus magnus de secretis mulierum cum commento,,,,1499,lat,yes
VIAE046315,ECO.01.0890,ECO.01.0890,Petri Gassendi Institutio astronomica juxsta hypotheses tam veterum quam recentiorum. Cui accesserunt Galilei Galilei Nutius sidereus; et Johannis Kep,,Londini,1653,1653,lat,yes
MILE006717,ECO.03.0072/03,ECO.03.0072/03,Aur. Phil. The. Paracelsi ... De meteoris liber vnus. De matrice liber alius. De tribus principijs liber tertius. Quibus astronomica & astrologica fra,,Basileae,,1569,lat,
MILE006718,ECO.03.0072/03,ECO.03.0072/03,\1!,,,,1569,lat,yes
MILE010391,ECO.01.0202,ECO.01.0202,"Homo et ejus partes figuratus & symbolicus, anatomicus, rationalis, moralis, mysticus, politicus, & legalis, collectus et explicatus cum figuris, symb",,Augustae Vindelicorum & Dilingae,1695,1695,lat,
MILE010544,ECO.01.0199,ECO.01.0199,\4!: Hieroglyphicorum et medicorum emblematum dōdekakrounos. Auctore Ludouico Casanoua ...,,Lugduni,1626,1626,lat,yes
CFI0822002,ECO.04.0082,ECO.04.0082,Storia delle terre e dei luoghi leggendari,Umberto Eco,[Milano],2013,2013,ita,
CFI0823491,ECO.01.1083,ECO.01.1083,Le diable sa grandeur et sa décadence,par J.-M. Cayla,Paris,1864,1864,fre,yes
TO00362089,ECO.01.0254/04,ECO.01.0254/04,Johann Valentin Andreae 1586-1986,[Katalogbearbeitung: C. Gilly],Amsterdam,1987,1987,ger,yes
LIA0011093,ECO.02.0164,ECO.02.0164,Dictionnaire des sciences philosophiques,par une Societé de professeurs de philosophie,Paris,1844-1852,1844,fre,
RAV0128117,ECO.04.0040/2,ECO.04.0040/2,Postille a Il nome della rosa,di Umberto Eco,Milano,stampa 1984,1984,ita,
MILE010541,ECO.01.0199,ECO.01.0199,"Joannis Pierij Valeriani Bellunensis Hieroglyphica, seu de Sacris Aegyptiorum, aliarùmque gentium literis commentarij, libris quinquaginta octo digest",,Lugduni,1621-1626,1621,lat,
CFI0873514,ECO.01.1056,ECO.01.1056,3,,Torino,1832,1832,ita,yes
CFI0873516,ECO.01.1056,ECO.01.1056,7,,Torino,1832,1832,ita,yes
CFI0873519,ECO.01.1056,ECO.01.1056,8,,Torino,1832,1832,ita,yes
CFI0873520,ECO.01.1056,ECO.01.1056,9[.1],,Torino,1833,1833,ita,yes
TO00362050,ECO.01.0254/34,ECO.01.0254/34,Cimelia Rhodostaurotica,,Amsterdam,1995,1995,ger,yes
MILE000806,ECO.01.0854,ECO.01.0854,1,,,,1606,lat,yes
MILE000808,ECO.01.0854,ECO.01.0854,"3: Disquisitionum magicarum tomus tertius, seu Methodus iudicum, et confessariorum directioni commoda. Hac vltima cura emendatior, auctiorque. Auctore",,Venetiis,1606,1606,lat,yes
VIAE045413,ECO.01.0946/01,ECO.01.0946/01,Osvaldi Crollii veterani hassi Basilica chymica continens [...] in fine libri additus est autoris eiusdem Tractatum novus de signaturis rerum internis,,Francofurti,1620,1620,lat,yes
VIAE046274,ECO.01.0314,ECO.01.0314,Turris Babel sive Judiciorum de fraternitate rofaceae crucis chaos,Johann Valentin Andreae,Argentorati,1619,1619,lat,yes
VIAE046276,ECO.01.0317,ECO.01.0317,"Reipublicae christianopolitanae descriptio, ... [Johann Valentin Andreae]",,Argentorati,1619,1619,lat,yes
CFI0873511,ECO.01.1056,ECO.01.1056,3,,Torino,1831,1831,ita,yes
CFI0873521,ECO.01.1056,ECO.01.1056,9.2,,Torino,1833,1833,ita,yes
CFI0873522,ECO.01.1056,ECO.01.1056,9.3,,Torino,1833,1833,ita,yes
CFI0873523,ECO.01.1056,ECO.01.1056,10[.1],,Torino,1833,1833,ita,yes
VIAE012355,ECO.02.0115,ECO.02.0115,"Catalogo degli ordini equestri, e militari esposto in imagini, e con breve racconto offerto alla Santita di N.S. Clemente 11. dal p. Filippo Bonanni d",,In Roma,1724,1724,lat,yes
MILE001804,ECO.01.0897,ECO.01.0897,"Strabonos Geographikon bibloi 17. Strabonis Rerum geographicarum libri 17. Accedunt huic editioni, ad Casaubonianam 3. expressae, notae integrae G. Xy",,Amstelaedami,1707,1707,grc,
MILE003004,ECO.01.0960,ECO.01.0960,"Treuisanus De chymico miraculo, quod lapidem philosophiae a Dionys. Zecharius de eodem. Auctoritatibus varijs principum huius artis, Democriti, Gebri,",,Basileae,1600,1600,lat,yes
TO00515065,ECO.01.0224,ECO.01.0224,Storia del Piemonte,raccontata al popolo da Carlo Avalle,Alessandria,,1856,ita,
TO00515070,ECO.01.0224,ECO.01.0224,2: Età di mezzo,Carlo Avalle,Alessandria,1856,1856,ita,yes
TO00515073,ECO.01.0224,ECO.01.0224,3: Età moderne,Carlo Avalle,Alessandria,1856,1856,ita,yes
MILE000780,ECO.01.0854,ECO.01.0854,"Disquisitionum magicarum libri sex, in tres tomos partiti Auctore Martino Del Rio Societatis Iesu presbytero ... Tomus primus [-tertius]",,Venetiis,1606,1606,lat,
MILE000807,ECO.01.0854,ECO.01.0854,"2: Magicarum disquisitionum tomus secundus, secunda cura correctior & auctior. In quo agitur de maleficio, vana observatione diuinatione, & consecrati",,Venetiis,1606,1606,lat,yes
LIA0067039,ECO.01.1088,ECO.01.1088,Le spiritisme dans le monde,Louis Jacolliot,Paris,1875,1875,fre,yes
VIAE005927,ECO.01.1008,ECO.01.1008,"La nautica rilucente o' sia Diario della nauigazione. Estratta da' voluminosi diarj formati dall'autore nel corso delle di lui nauigazioni, esercitate",,In Venezia,1700,1700,ita,yes
RAV0652174,ECO.04.0046,ECO.04.0046,La bustina di Minerva,Umberto Eco,Milano,2000,2000,ita,
TO01364424,ECO.01.0510,ECO.01.0510,La langue bleue,Léon Bollack,Paris,1899,1899,fre,
CFIE023516,ECO.01.1093,ECO.01.1093,Dialogue entre le diable boiteux et le diable borgne. Par mr. Le Noble,,A Amsterdam,1708,1708,fre,
CFIE023518,ECO.01.1093,ECO.01.1093,[1],,,,1708,fre,yes
TO01394942,ECO.01.1067,ECO.01.1067,I misteri di Torino,,Torino,1849,1849,ita,yes
MIL0645993,ECO.01.0207,ECO.01.0207,Les fous littéraires,par Philomneste junior,Bruxelles,1880,1880,fre,
RAV0324893,ECO.02.0169,ECO.02.0169,L'archeometre,Saint-Yves d'Alveydre,Paris,\1911?!,1911,fre,yes
RAV0326636,ECO.02.0105,ECO.02.0105,"La theogonie des patriarches Jesus (Nouveau Testament), Moise (Ancien Testament)",Saint Yves d'Alveydre,Paris,1909,1909,fre,yes
TO01303949,ECO.01.0704,ECO.01.0704,Traité de mnemotechnie,par J. F. de Castilho et A. M. de Castilho,Bordeaux,1835,1835,fre,yes
RAV0325234,ECO.01.0834,ECO.01.0834,"Première encyclopédie théologique, ou première série de dictionnaires sur toutes les parties de la science religieuse offrant en francais, et par ordr",publiée par m. l'abbé Migne,Paris,,1847,fre,
RAV0326022,ECO.02.0014,ECO.02.0014,L'abbe Boullan (docteur Johannes de La-Bas),Joanny Bricaud,Paris,1927,1927,fre,yes
MIL0629615,ECO.02.0164,ECO.02.0164,4,par une Societé de professeurs et de savants,Paris,1849,1849,fre,yes
MIL0629616,ECO.02.0164,ECO.02.0164,5,par une Societé de professeurs et de savants,Paris,1851,1851,fre,
TO01357113,ECO.02.0143,ECO.02.0143,1,par Louis Figuier,Paris,1867,1867,fre,yes
TO01357118,ECO.02.0143,ECO.02.0143,2,par Louis Figuier,Paris,1868,1868,fre,yes
RAV0705703,ECO.04.0005,ECO.04.0005,Baudolino,Umberto Eco,Milano,2000,2000,ita,
MIL0647784,ECO.01.0141,ECO.01.0141,Il tesoro di Brunetto Latini,volgarizzato da Bono Giamboni,Venezia,1839,1839,ita,
MIL0629613,ECO.02.0164,ECO.02.0164,2,par une Societé de professeurs de philosophie,Paris,1845,1845,fre,yes
MIL0629614,ECO.02.0164,ECO.02.0164,3,par une Societé de professeurs et de savants,Paris,1847,1847,fre,yes
RAV0695758,ECO.01.0818,ECO.01.0818,Paesaggi italici nella Divina Commedia,Vittorio Alinari,Firenze,stampa 1921,1921,ita,yes
TO01426189,ECO.02.0034,ECO.02.0034,18: La licorne,,Paris,société du Mercure d,1905,fre,yes
TO01646397,ECO.01.0435/04,ECO.01.0435/04,1.2: [C-G!,Ludovici Hain,Berlin,1925,1925,lat,yes
RAV1101132,ECO.01.0254/12,ECO.01.0254/12,The globes of Hondius,by Peter van der Krogt,Utrecht,1991,1991,eng,yes
TO01597623,ECO.01.0910,ECO.01.0910,"48: Dictionnaire des sciences occultes, savoir, de aéromancie, alchimie, alectriomancie, aleuromancie, ... ou répertoire universel, des etres, des per",publié par M. l'abbé Migne,Paris,1846,1846,fre,yes
TO01646396,ECO.01.0435/04,ECO.01.0435/04,1.1: [A-B!,Ludovici Hain,Berlin,1925,1925,lat,yes
TO01646398,ECO.01.0435/04,ECO.01.0435/04,2.1: [H-O!,Ludovici Hain,Berlin,1925,1925,lat,yes
TO01646399,ECO.01.0435/04,ECO.01.0435/04,2.2: [P-Z!,Ludovici Hain,Berlin,1925,1925,lat,yes
TO01124309,ECO.01.0350,ECO.01.0350,"Recherches sur le mouvement des projectiles dans l'air, en ayant égard à leur figure et leur rotation, et à l'influence du mouvement diurne de la terr",par S.-D. Poisson,Paris,1839,1839,fre,
TO01124534,ECO.01.0709,ECO.01.0709,Nuova Mnemonica,,,,1840,ita,
CFIE028223,ECO.01.0462,ECO.01.0462,Suite des erreurs et de la vérité. Ou Développement du livre des hommes rappelés au principe universel de la science. Par un ph ..... inc ....,,A Salomonopolis,1784,1784,fre,yes
TO01357122,ECO.02.0143,ECO.02.0143,3,par Louis Figuier,Paris,1869,1869,fre,yes
TO01358808,ECO.01.0578/03,ECO.01.0578/03,Orbis sensualium pictus,Joannes Amos Comenius,Sidney,1967,1967,eng,
TO01385967,ECO.01.0806,ECO.01.0806,"L'antecristo rivelato ossia Napoleone 3. uomo di peccato e Napoleone Eugenio erede imperiale, figlio di perdizione giusta le profezie di Daniele e di ",,Capolago,1863,1863,ita,
MILE056080,ECO.01.0549,ECO.01.0549,"Hermes Scythicus: or, The radical affinities of the greek and latin languages to the Gothic: illustrated from the moeso-gothic, anglo-saxon, francic, ",,Edinburgh,1814,1814,eng,yes
MILE057473,ECO.01.1031,ECO.01.1031,Institutiones logicae et metaphysicae auctore Io. Georg. Henr. Federo ...,,Gottingae,1781,1781,lat,yes
RAV1812797,ECO.04.0058,ECO.04.0058,Non sperate di liberarvi dei libri,"Jean-Claude Carrière, Umberto Eco",Milano,2009,2009,ita,
RAV1517273,ECO.04.0055,ECO.04.0055,La memoria vegetale e altri scritti di bibliofilia,Umberto Eco,Milano,2007,2007,ita,
MILE057049,ECO.01.0057,ECO.01.0057,"2: Cornelii Gemmae medicinae professoris De naturae diuinis characterismis; seu Raris & admirandis spectaculis in vniuerso, tomus secundus, quem Ianum",,Antuerpiae,1575,1575,lat,yes
RAV1876095,ECO.01.1030,ECO.01.1030,3,,Milano,[1914?],1914,ita,yes
CFIE000055,ECO.01.0015,ECO.01.0015,"Phytognomonica Io. Baptistae Portae Neapol. octo libris contenta; in quibus noua, facillimaque affertur methodus, qua plantarum, animalium, metallorum",,Francofurti,1591,1591,lat,yes
TO00994604,ECO.01.0225,ECO.01.0225,Storia di Alessandria,di Carlo A-Valle,Torino,1853-1855,1853,ita,
TO00994610,ECO.01.0225,ECO.01.0225,Vol. 2,Carlo A-Valle,Torino,1854,1854,ita,yes
CFIE002808,ECO.01.0677/01,ECO.01.0677/01,1,,,,1619,lat,
CFIE002810,ECO.01.0677/02,ECO.01.0677/02,2: Amphitheatri sapientiæ Socraticæ ioco-seriæ tomus posterior rerum pro damnosis habitarum encomia & commentaria continens. Recensente Caspare Dornau,,Hanouiæ,1619,1619,lat,yes
CFIE003712,ECO.01.0998,ECO.01.0998,1,,,,1716,fre,yes
CFIE004387,ECO.01.0597,ECO.01.0597,"J.A. Comenii Pansophiæ diatyposis, ichnographica & orthographica delineatione totius futuri operis amplitudinem, dimensionem, usus, adumbrans",,Amsterodami,1645,1645,lat,yes
CFIE019572,ECO.01.0074,ECO.01.0074,"Trismegistus christianus, seu Triplex cultus conscientiæ cælitum corporis. Auctore Hieremia Drexelio è Societate Iesu",,Coloniæ Agrippinæ,1631,1631,lat,yes
CFIE026582,ECO.01.0588/1,ECO.01.0588/1,"Johannis Petri Erici In ejusdem principio philologico promissa Anthropoglottogonia, sive Humanæ linguæ genesis. Partis primae tomus primus. Vbi de par",,Venetijs,1697,1697,lat,yes
CFIE005913,ECO.01.0617,ECO.01.0617,Èt ha-kedem. Cælum orientis et prisci mundi triade exercitationum literariarum repræsentatum  curisque  Thomae BangI ...,,Hauniæ,1657,1657,lat,yes
CFIE006135,ECO.01.0716/02,ECO.01.0716/02,"D.D.R.C.F. Noua, et arcana doctrina febrium. Quam ex sectione viuorum & mortuorum animaliuum, analysi quæ sit ignis & aquæ beneficio ... concinnauit L",,Lugduni,1641,1641,lat,yes
CFIE006137,ECO.01.0716/03,ECO.01.0716/03,"D.D.R.C.F. De abditis epidemion causis parænetica velitatio: secretioribus theologorum, politicorum, medicorum, physicorum, astrologorum, & historicor",,Lugduni,1641,1641,lat,yes
RAV0254664,ECO.04.0042,ECO.04.0042,Interpretazione e sovrainterpretazione,Umberto Eco,[Milano],1995,1995,ita,
CFIE010928,ECO.03.0072/02,ECO.03.0072/02,"Liber paramirum clarissimi doctissimique viri areoli Theophrasti Paracelsi, in quo vniuersalis, theorica physices & chirurgiae origines, & causae morb",,Basileae,1570,1570,lat,
TO00991097,ECO.01.0130,ECO.01.0130,La chevalerie,par Léon Gautier,Paris,1884,1884,fre,yes
TO00994611,ECO.01.0225,ECO.01.0225,Vol. 3,Carlo A-Valle,Torino,1854,1854,ita,yes
CFIE003711,ECO.01.0998,ECO.01.0998,"Histoire des Sevarambes, peuples qui habitent une partie du troisiéme continent, communément appellé la terre australe. Contenant unerelation du Gouve",,A Amsterdam,1716,1716,fre,
RAV0262164,ECO.02.0117/02,ECO.02.0117/02,Delle donne fiorentine di Dante Alighieri e del suo lungo soggiorno in Pisa ed in Lucca,[Carlo Troya],[S. l.,dopo il 1830],1830,ita,yes
CFIE000258,ECO.01.0954,ECO.01.0954,"Leuini Lemnii ... Occulta naturae miracula, ac varia rerum documenta, probabili ratione atque artifici coniectura duobus libris explicata, quae studio",,Antuerpiae,1561,1561,lat,yes
TO00994621,ECO.01.0225,ECO.01.0225,Vol. 4,di Carlo A-Valle,Torino,1855,1855,ita,yes
CFIE002515,ECO.01.0565/1,ECO.01.0565/1,"Responsio exetastica ad tractatum, incerto autore, nuper editum, cui titulus praeadamitae. Libri duo. Authore J. Pythio, ministro Jesu Christi in Svva",,Lugd. Batav.,1656,1656,lat,yes
CFIE004992,ECO.01.0598,ECO.01.0598,"Joh. Amos Comenii Orbis sensualium pictus quadrilinguis, hoc est, Omnium fundamentalium in mundo rerum, & in vita actionum, pictura et nomenclatura, G",,Norinbergæ,1666,1666,mul,yes
CFIE010531,ECO.01.0490,ECO.01.0490,"Dell'anima delle bestie, e sue funzioni, trattato del molto rev. p. Ignazio Gastoni Pardies della Compagnia di Giesù nel quale si disputa la celebre q",,In Venezia,1694,1694,ita,yes
CFIE023522,ECO.01.1093,ECO.01.1093,"2: Les diables a la douane, ou 7. entretien entre le diable boiteux et le diable borgne. Par mr. Le Noble. Tome second",,A Amsterdam,1708,1708,fre,yes
CFIE023585,ECO.01.0611,ECO.01.0611,Les oeuvres diverses de monsieur de Cyrano Bergerac. Tome premier [-second!. Enrichi de figures en taille douce,,A Amsterdam,1710,1710,fre,
CFI0873509,ECO.01.1056,ECO.01.1056,1,,Torino,1831,1831,ita,yes
CFI0873515,ECO.01.1056,ECO.01.1056,4,,Torino,1832,1832,ita,yes
CFI0873517,ECO.01.1056,ECO.01.1056,5,,Torino,1832,1832,ita,yes
CFI0873518,ECO.01.1056,ECO.01.1056,6,,Torino,1832,1832,ita,yes
MILE014694,ECO.01.0464,ECO.01.0464,L'homme de desir. Par l'auteur des erreurs & de la verite,,A Lyon,1790,1790,fre,
CFIE006684,ECO.01.0681,ECO.01.0681,Diui Isidori Hispal. episcopi Opera Philippi 2. cathol. regis iussu euetustis exemplaribus emendata,,Madriti,1599,1599,lat,
CFIE006686,ECO.01.0681,ECO.01.0681,[1],,Madriti,1599,1597,lat,yes
CFIE006688,ECO.01.0681,ECO.01.0681,2: Operum diui Isidori Hispal. episcopi pars altera,,Madriti,1599,1599,lat,yes
CFIE011546,ECO.01.0158,ECO.01.0158,"Ori Apollinis Niliaci, De sacris Aegyptiorum notis, Aegyptiace expressis libri duo, iconibus illustrati, & aucti",,Parisiis,1574,1574,lat,yes
TO00743113,ECO.01.0254/29,ECO.01.0254/29,Fama fraternitatis,"zum ersten Mal nach den Manuskripten bearbeitet, die vor dem Erstdruck von 1614 ",Haarlem,©1998,1998,ger,
CFI0915868,ECO.01.0133,ECO.01.0133,"Le Bestiaire divin de Guillaume, clerc de Normandie, trouvère du 13e. siècle",par M. C. Hippeau,Caen,1852,1852,fre,yes
RAV0166535,ECO.04.0028,ECO.04.0028,Stelle & stellette,Umberto Eco,Genova,\1991!,1991,ita,
RAV0166646,ECO.02.0041/01,ECO.02.0041/01,Nova polemica,di Lorenzo Stecchetti,Bologna,1893,1893,ita,yes
RAV0166654,ECO.02.0041/02,ECO.02.0041/02,Postuma,di Lorenzo Stecchetti (Mercutio),Bologna,1894,1894,ita,yes
RAV0032350,ECO.04.0024,ECO.04.0024,1: L'arte come mestiere,a cura di Umberto Eco,Milano,[1969],1969,ita,
VIAE018445,ECO.03.0077,ECO.03.0077,"Fasciculo de medicina. Collectorio uniuersalissimo chiamado fasciculo de medicina, extracto dalla achademia delli antiqui, & moderni approbati medici,",,,,1522,ita,yes
TO00515069,ECO.01.0224,ECO.01.0224,1: Età antiche,Carlo Avalle,Alessandria,1856,1856,ita,yes
MILE010543,ECO.01.0199,ECO.01.0199,"\3!: Hieroglyphicorum collectanea, ex veteribus, et neotericis descripta, in sex libros, ordine alphabetico digesta; et nunc primum Ioannis Pierij Val",,Lugduni,1626,1626,lat,yes
MILE010550,ECO.01.0199,ECO.01.0199,"\2!: Pro sacerdotum barbis ad clarissimum cardinalem Hyppolitum Medicem declamatio, authore Ioanne Pierio Valeriano Bellunensi, prius Romae cum Clemen",,Lugduni,1621,1621,lat,yes
CFI0627380,ECO.01.0936,ECO.01.0936,Les sciences et les arts occultes au 16. siècle,par m. Aug. Prost,Paris,,1881,fre,
VIA0203868,ECO.04.0050,ECO.04.0050,Storia della bellezza,a cura di Umberto Eco,[Milano],2010,2010,ita,
VIAE020839,ECO.01.0385,ECO.01.0385,"Clauis philosophiæ et alchymiæ fluddanæ. Siue Roberti Fluddi armigeri, et medicinæ doctoris, ad epistolicam Petri Gassendi theologi exercitationem res",,Francofurti,1633,1633,lat,yes
MILE011088,ECO.01.0629,ECO.01.0629,"Hermes, or A philosophical inquiry concerning universal grammar. By J. H",,London,1751,1751,eng,yes
CFI0862384,ECO.01.1056,ECO.01.1056,Africa,,,,1830,ita,
CFI0862385,ECO.01.1056,ECO.01.1056,America. -,,,,1831,ita,
CFI0862389,ECO.01.1056,ECO.01.1056,Asia,,,,1831,ita,
CFI0862390,ECO.01.1056,ECO.01.1056,Europa,,,,1831,ita,
CFI0873510,ECO.01.1056,ECO.01.1056,2,,Torino,1831,1831,ita,yes
CFI0873512,ECO.01.1056,ECO.01.1056,4,,Torino,1831,1831,ita,
CFI0873513,ECO.01.1056,ECO.01.1056,2,,Torino,1831,1831,ita,yes
CFI0873524,ECO.01.1056,ECO.01.1056,10.2,,Torino,1833,1833,ita,yes
MILE014627,ECO.01.0969,ECO.01.0969,"De la maladie d'amour, ou Melancholie erotique. Discours curieux qui enseigne a cognoistre l'essence, les causes, les signes, & les remedes de ce mal ",,A Paris,1623,1623,fre,yes
IEIE003988,ECO.02.0086,ECO.02.0086,"Monumens historiques, relatifs a la condamnation des chevaliers du temple, a l'abolition de leur ordre; par M. Raynouard, membre de l'Institut Impéria",,Paris,1813,1813,fre,yes
IEIE005900,ECO.02.0013,ECO.02.0013,1: La maçonnerie écossoise comparée avec les trois professions et le secret des templiers du 14. siècle. Premiere partie,[Nicolas de Bonneville],Orient de Londres,1788,1788,fre,yes
IEIE002935,ECO.02.0051,ECO.02.0051,Essai sur la secte des illuminés,,A Paris,1789,1789,fre,yes
IEIE005899,ECO.02.0013,ECO.02.0013,"Les jésuites chassés de la maçonnerie, et leur poignard brisé par les maçons",,Orient de Londres,1788,1788,fre,
SBL0013552,ECO.01.0254/16,ECO.01.0254/16,Alchemy and the occult,,New Haven,,1968,eng,
CBR0003006,ECO.01.0751,ECO.01.0751,L'ami et l'aimé,par Raymond Lulle,Paris,1921,1921,fre,yes
UBOE000392,ECO.01.0848,ECO.01.0848,Tractatus de hereticis: & sortilegijs omnifariam coitu: eorumque penis. Item de questionibus: & tortura: ac de relaxatione carceratorum domini Pauli G,,Veneunt Lugd.,1536,1536,lat,yes
UBOE000425,ECO.03.0071,ECO.03.0071,"Veræ alchemiæ artisque metallicæ, citra aenigmata, doctrina, certusque modus, scriptis tum nouis tum ueteribus nunc primùm & fideliter maiori ex parte",,Basileae,1561,1561,lat,yes
NAPE003425,ECO.01.0034,ECO.01.0034,Philippi Finella De planetaria naturali phisonomia,,Neapoli,1649,1649,lat,yes
NAPE007650,ECO.01.0644/1,ECO.01.0644/1,1: Dialogi di Antonio Brucioli della naturale philosophia humana,,In Venetia,1544,1544,ita,yes
NAPE007651,ECO.01.0644/3,ECO.01.0644/3,3: Dialogi di Antonio Brucioli delea [!] naturale philosophia,,In Venezia,1545,1545,ita,yes
NAPE007652,ECO.01.0644/2,ECO.01.0644/2,2: Dialogi di Antonio Brucioli. Della morale philosophia,,Stampato in Venetia,1544,1544,ita,yes
UBOE014732,ECO.02.0009,ECO.02.0009,"Oeuvres de maitre François Rabelais, avec des remarques historiques et critiques de Mr. le Duchat ... Tome premier [-troisieme]",,A Amsterdam,1741,1741,fre,
UBOE014739,ECO.02.0009,ECO.02.0009,2,,,1741,1741,fre,yes
UBOE000346,ECO.01.0087/01,ECO.01.0087/01,"Auli Gellii Noctium Atticarum libri vndeuiginti, (nam octauus preter capita desideratur) pluribus locis restitutis quam antehac integriores. Cum Ascen",,[Parigi],mense Septembri 1532,1532,lat,yes
UBOE000176,ECO.01.0155,ECO.01.0155,"Le vite delle donne illustri della Scrittura Sacra. Nuouamente descritte da Tommaso Garzoni da Bagnacauallo, canonico regolare lateran. predicatore. C",,In Venetia,1586,1586,ita,yes
UBOE008102,ECO.01.0368,ECO.01.0368,Veritas anagrammate explorata ad varia texenda encomia auctore Ioanne Baptista Beccio ... Subijciuntur opusculo pro coronide quaedam ex anagrammate de,,Patauii,1668,1668,lat,yes
NAPE010617,ECO.02.0087,ECO.02.0087,"Les Templiers, tragedie, par M. Raynouard; representee pour la premiere fois sur le Theatre Francais par les Comediens ordinaires de l'Empereur, le 24",,A Paris,an. XIII-1805,1805,fre,yes
NAPE013780,ECO.01.0037,ECO.01.0037,Libri tres neuorum Philippi Phinellae,,Antuerpiae,,1632,lat,yes
NAPE032755,ECO.01.0398,ECO.01.0398,Sefer had-diqduq we-hak-Kol hat-tēbōt šän-nimṣeū bi-Lšōn haq-Qōdäš Ioannis Reuchlini Phorcensis primi Graecae et sacrae Hebraicæ linguæ adeoque melior,,Basileae,1537,1537,heb,yes
NAPE033715,ECO.01.0737,ECO.01.0737,"Simonides redivivus, sive ars memoriæ, et oblivionis,(quam hodiè complures penitus ignorari scripserunt) tabulis expressa. Authore Adamo Bruxio Sprott",,Lipsiæ,1610,1610,lat,yes
UBOE027792,ECO.01.0501,ECO.01.0501,"Principes de l'etude comparative des langues, par le baron de Merian. Suivis d'observations sur les racines des langues semitiques; par. m. Klaproth",,Paris,1828,1828,fre,yes
NAPE068202,ECO.01.0605,ECO.01.0605,"Ioannis ab Indagine Introductiones apotelesmaticae in physiognomiam, complexiones hominum, astrologiam naturalem, naturas planetarum. Cum periaxiomati",,Augusta Trebocorum,1663,1663,lat,yes
NAPE069309,ECO.01.0451,ECO.01.0451,"Examen fucorum pseudo-chymicorum detectorum et in gratiam veritatis amantium succincte refutatorum, authore Michaele Maiero Com. pal. eq. ex. Med. D",,Francofurti,1417 [i.e. 1617],1617,lat,yes
NAPE069316,ECO.01.0946/02,ECO.01.0946/02,"Theoria philosophiae hermeticae, septem tractatibus, quorum primus est; 1. Verus Hermes. 2. Porta hermeticae sapientiae. 3. Silentium hermeticum. 4. A",,Hanoviae,1617,1617,lat,yes
UBOE032781,ECO.01.0124,ECO.01.0124,Incipiunt relationes deuotissimi abbatis Ioachini super statun sumorum Pontificum Romane Ecclesie,,[Venezia,1505-1527],1505,lat,yes
UBOE041497,ECO.01.0261/2,ECO.01.0261/2,"Dictionnaire raisonné des onomatopées françoises, par Charles Nodier ... Ouvrage adopte par la Commission d'instruction publique, pour les bibliothequ",,Paris,1828,1828,fre,yes
UBOE042553,ECO.01.0261/1,ECO.01.0261/1,"Examen critique des dictionnaires de la langue francoise, ou Recherches grammaticales et litteraires sur l'orthographe, l'acception, la definition et ",,Paris,1828,1828,fre,yes
UBOE069233,ECO.01.0935,ECO.01.0935,"Nouus malleus maleficarum sub quaestione de strigibus seu maleficis, r.p.f. Bartholomaei Spinei ... Vna cum tractatu De praeminentia sacrae theologiae",,Coloniae,1581,1581,lat,yes
NAPE058540,ECO.01.0702,ECO.01.0702,"El fenix de Minerva, y arte de memoria. De Don Ivan Velazquez de Azevedo : que enseña sin maestro a aprehender y retener..",,Con priuilegio en Madrid,1626,1626,spa,yes
NAPE068105,ECO.01.0967,ECO.01.0967,"Aureum vellus, oder, Guldin Schatz und Kunstkammer darinnen der aller fürnemisten, fürtreffenlichsten, ausserlesenesten, herrlichisten und bewhrtestẽ ",,Rorschach,1598-1599,1598,ger,
NAPE068106,ECO.01.0967,ECO.01.0967,1,,,,1598,ger,yes
NAPE069192,ECO.01.0895/01,ECO.01.0895/01,Tomo 1,,In Palermo,1793,1793,ita,yes
UBOE002236,ECO.01.0786,ECO.01.0786,"Joannis Trithemij Spanheimensis, ... Tomus 1. [-2.] Annalium Hirsaugiensium, opus nunquam hactenus editum, & ab eruditis semper desideratum. Complecte",,[San Gallo],1690,1690,lat,
UBOE002238,ECO.01.0786,ECO.01.0786,2,,,,1690,lat,yes
UBOE003688,ECO.01.0200,ECO.01.0200,"Les Hierogliyphiques de Ian-Pierre Valerian vulgarment nomme Pierius. Autrement, commentaires des lettres et figures sacrees des Aegyptiens & autres n",,Lyon,1615,1615,fre,yes
NAPE014571,ECO.01.0428,ECO.01.0428,"Athanasii Kircheri e Soc. Jesu Mundus subterraneus, in 12 libros digestus; quo divinum subterrestris mundi opificium, mira ergasteriorum naturæ in eo ",,Amstelodami,1664-1665,1664,lat,
NAPE015339,ECO.01.0044,ECO.01.0044,Tomo 2,,,,1820,ita,yes
UBOE014741,ECO.02.0009,ECO.02.0009,3,,,1741,1741,fre,yes
UBOE006159,ECO.01.1017,ECO.01.1017,"Vlyssis Aldrouandi ... Serpentum, et draconum historiae libri duo Bartholomaeus Ambrosinus ... summo labore opus concinnauit ... Cum indice memorabili",,Bononiae,1640,1640,lat,yes
NAPE015336,ECO.01.0044,ECO.01.0044,Lettere intorno alla mimica di G. G. Engel. Versione dal tedesco di G. Rasori. Aggiuntovi i capitoli sei sull'arte rappresentativa di L. Riccoboni,,Milano,1820,1820,ita,
NAPE015338,ECO.01.0044,ECO.01.0044,Tomo 1,,,,1820,ita,yes
UBOE014733,ECO.02.0009,ECO.02.0009,1,,,1741,1741,fre,yes
UM10093195,ECO.02.0067,ECO.02.0067,L'ebreo di Verona,[Antonio Bresciani],Fuligno,,1851,ita,
PAL0269401,ECO.01.0699/01,ECO.01.0699/01,Breve trattato intorno l'arte poetica,dettato dal prof. Gius.-Ignazio Montanari,Palermo,1846,1846,ita,yes
UFI0556385,ECO.02.0057,ECO.02.0057,Traité méthodique de science occulte,par Papus,Paris,1891,1891,fre,yes
PAR1235093,ECO.04.0084,ECO.04.0084,Pape Satàn aleppe,Umberto Eco,Milano,2016,2016,ita,
UM10033807,ECO.04.0013,ECO.04.0013,Opera aperta,Umberto Eco,Milano,1976,1976,ita,
UM10083829,ECO.01.0003,ECO.01.0003,Fisionomia e mimica,Paolo Mantegazza,Milano,1881,1881,ita,yes
UM10122854,ECO.04.0076,ECO.04.0076,13: L'antichità. Roma,a cura di Umberto Eco,Milano,2011,2011,ita,
UM10122952,ECO.04.0077,ECO.04.0077,"14: L'antichità. Vicino Oriente, Grecia, Roma",a cura di Umberto Eco,Milano,2011,2011,ita,
CFI0090154,ECO.04.0038,ECO.04.0038,Arte e bellezza nell'estetica medievale,Umberto Eco,Milano,1987,1987,ita,
UM10167230,ECO.02.0041/03,ECO.02.0041/03,Rime di Argia Sbolenfi,[Olindo Guerrini],Bologna,1899,1899,ita,yes
UM10122409,ECO.04.0066,ECO.04.0066,3: L'antichità. Grecia,a cura di Umberto Eco,Milano,2011,2011,ita,
UM10122416,ECO.04.0069,ECO.04.0069,6: L'antichità. Grecia,a cura di Umberto Eco,Milano,2011,2011,ita,
UM10122422,ECO.04.0071,ECO.04.0071,8: L'antichità. Grecia,a cura di Umberto Eco,Milano,2011,2011,ita,
UM10122424,ECO.04.0072,ECO.04.0072,9: L'antichità. Roma,a cura di Umberto Eco,Milano,2011,2011,ita,
UM10122824,ECO.04.0075,ECO.04.0075,12: L'antichità. Roma,a cura di Umberto Eco,Milano,2011,2011,ita,
UM10123009,ECO.04.0078,ECO.04.0078,15: Il Medioevo. Alto Medioevo,a cura di Umberto Eco,Milano,2011,2011,ita,
UM10116454,ECO.04.0030,ECO.04.0030,Come si fa una tesi di laurea,Umberto Eco,Milano,1977,1977,ita,
UM10122418,ECO.04.0070,ECO.04.0070,7: L'antichità. Grecia,a cura di Umberto Eco,Milano,2011,2011,ita,
UM10122585,ECO.04.0073,ECO.04.0073,10: L'antichità. Roma,a cura di Umberto Eco,Milano,2011,2011,ita,
PAR1197365,ECO.04.0060,ECO.04.0060,"[1]: Barbari, cristiani, musulmani",,Milano,2010,2010,ita,
SBL0280327,ECO.04.0016,ECO.04.0016,Il caso Bond,a cura di Oreste Del Buono e Umberto Eco,Milano,1965,1965,ita,
UM10084388,ECO.01.0687,ECO.01.0687,"Compendio della crittografia svelata, ossia L'arte di tradurre o dicifrare ogni scrittura in qualunque siasi carattere, ed in qualsivoglia lingua, sen",[da] C. F. Vesin,Firenze,1844,1844,ita,yes
UM10122412,ECO.04.0065,ECO.04.0065,2: L'antichità. Le civiltà del vicino Oriente,a cura di Umberto Eco,Milano,2011,2011,ita,
UM10122697,ECO.04.0074,ECO.04.0074,11: L'antichità. Roma,a cura di Umberto Eco,Milano,2011,2011,ita,
PAR1197892,ECO.04.0091,ECO.04.0091,Umberto Eco incontra Tommaso D'Aquino,,Milano,2010,2010,ita,
UFIE000948,ECO.01.0667,ECO.01.0667,"Demetrio Falereo della locuzione volgarizzato da Pier Segni accademico della Crusca detto l'Agghiacciato. Con postille al testo, ed esempli toscani, c",,In Firenze,1603,1603,ita,yes
UFI0316996,ECO.01.1070,ECO.01.1070,Le latin mystique,Remy de Gourmont,Paris,1930,1930,fre,yes
UFIE002946,ECO.01.0072,ECO.01.0072,Thomae Bartholini De unicornu observationes novae,,Amstelaedami,1678,1678,lat,yes
SBL0156251,ECO.01.0254/41,ECO.01.0254/41,Dialogo dell'imprese militari e amorose,Paolo Giovio,Roma,c1978,1978,ita,yes
LO11692905,ECO.01.1085,ECO.01.1085,"Die heilige Familie, oder Kritik der kritischen Kritik",von Friedrich Engels und Karl Marx,Frankfurt a. M.,1845,1845,ger,yes
PAL0108602,ECO.01.1044,ECO.01.1044,Saggio sull'onanismo,avvertimenti del celebre dottor Tissot,Messina,1835,1835,ita,
PARE033565,ECO.02.0134,ECO.02.0134,3,,,,1788,fre,yes
PARE033571,ECO.02.0134,ECO.02.0134,8,,,,1788,fre,yes
PARE033575,ECO.02.0134,ECO.02.0134,12,,,,1788,fre,yes
PARE057287,ECO.01.0478,ECO.01.0478,"The true intellectual system of the universe: the first part; wherein, all the reason and philosophy of atheism is confuted; and its impossibility dem",,London,1678,1678,eng,yes
PARE058588,ECO.01.0631,ECO.01.0631,"La langue des calculs, ouvrage posthume et elementaire, imprime sur les manuscrits autographes de l'auteur; dans lequel des observations, faites sur l",,A Paris,an 6. de la Republiq,1798,fre,
PARE058590,ECO.01.0631,ECO.01.0631,1,,,,1798,fre,yes
PARE058591,ECO.01.0631,ECO.01.0631,2,,,,1798,fre,yes
CFI0095171,ECO.04.0035,ECO.04.0035,Sugli specchi e altri saggi,Umberto Eco,Milano,1985,1985,ita,
UM10218408,ECO.01.0178,ECO.01.0178,A catalogue raisonne of works on the occult sciences ...,,London,1903-,1903,eng,
PAV0039223,ECO.04.0062,ECO.04.0062,"[3]: Castelli, mercanti, poeti",a cura di Umberto Eco,Milano,2011,2011,ita,
UMC0899653,ECO.01.0512,ECO.01.0512,Langage humain,[Umano],Berne,1900,1900,fre,yes
PARE033561,ECO.02.0134,ECO.02.0134,1,,,,1788,fre,yes
PARE033564,ECO.02.0134,ECO.02.0134,2,,,,1788,fre,yes
PARE033570,ECO.02.0134,ECO.02.0134,7,,,,1788,fre,yes
PARE033572,ECO.02.0134,ECO.02.0134,9,,,,1788,fre,yes
PARE033573,ECO.02.0134,ECO.02.0134,10,,,,1788,fre,yes
PARE033574,ECO.02.0134,ECO.02.0134,11,,,,1788,fre,yes
LO11881706,ECO.04.0096,ECO.04.0096,L'era della comunicazione,Umberto Eco,Milano,2023,2023,ita,
LO1E005607,ECO.01.0020,ECO.01.0020,"De' miracoli et marauigliosi effetti dalla natura prodotti, di Gio. Battista Porta napolitano. Libri 4. Nuouamente tradotti di latino in volgare, & co",,In Venetia,1679,1679,ita,yes
UMC0921973,ECO.01.0008,ECO.01.0008,L'art de connaitre les hommes par la physionomie,par Gaspard Lavater,Paris,,1835,fre,
UMC0921995,ECO.01.0008,ECO.01.0008,1,par Gaspard Lavater,Paris,1835,1835,fre,yes
PARE033560,ECO.02.0134,ECO.02.0134,Clarisse Harlowe. Traduction nouvelle et seule complete; par M. Le Tourneur. Sur l'edition originale revue par Richardson; avec figures d'apres M. Cho,,A Geneve,1788,1788,fre,
PARE033567,ECO.02.0134,ECO.02.0134,4,,,,1788,fre,yes
PARE033568,ECO.02.0134,ECO.02.0134,5,,,,1788,fre,yes
PARE033569,ECO.02.0134,ECO.02.0134,6,,,,1788,fre,yes
UM1E020307,ECO.01.0644/5,ECO.01.0644/5,5: Dialogi di Antonio Brucioli libro quinto,,In Venetia: [Bartolomeo Zanetti],1538,1538,ita,
UM1E023177,ECO.01.0654,ECO.01.0654,3,,,1736,1736,fre,yes
SBL0340374,ECO.01.0482/13,ECO.01.0482/13,Metodo e sistema delle scienze nel pensiero di Ulisse Aldrovandi,Sandra Tugnoli Pattaro,Bologna,1981,1981,ita,yes
LO1E005105,ECO.01.0616/1,ECO.01.0616/1,"Mital, ou Avantures incroyables, et toute-fois, et caetera. Ces avanturescontiennent quinze relations ...",,A Paris,1708,1708,fre,yes
LO1E008833,ECO.01.0405/1,ECO.01.0405/1,"Opus mago-cabbalisticum et theosophicum, darinnen der Ursprung, Natur, Eigenschaften und ...",,Homburg,1735 Homburg vor der,1735,ger,yes
LO1E009137,ECO.01.0906,ECO.01.0906,2,,,1821,1821,fre,
LO1E009138,ECO.01.0906,ECO.01.0906,3,,,Janvier 1822,1822,fre,yes
LO1E009233,ECO.01.0970,ECO.01.0970,"Johannis Conradi Barchusen Elementa chemiae, quibus subjuncta est confectura lapidis philosophici imaginibus repraesentata. - Lugduni Batavorum : apud",,,,1718,lat,yes
LO1E027848,ECO.01.0616/2,ECO.01.0616/2,"Suite de Mital, ou avantures incroyables, et toute-fois, et caetera. Contenant, la clef, deux lettres, plusieurs scenes ...",,A Paris,1708,1708,fre,yes
LO1E029011,ECO.01.0446,ECO.01.0446,34,,,1788,1788,fre,
LO1E029618,ECO.02.0142,ECO.02.0142,Les aventures de Télemaque fils d'Ulysse par feu messire François de Salignac de la Motte-Fenelon ...,,A Paris et a Milan,1806,1806,fre,yes
LO1E035692,ECO.01.0634,ECO.01.0634,"Lettre sur les aveugles, a l'usage de ceux qui voyent",,A Londres,1749,1749,fre,yes
LO1E016952,ECO.01.0494,ECO.01.0494,"Traité de l'éducation des animaux qui servent d'amusement à l'homme. Savoir: le singe, le chien, le chat, l'ecureuil, le perroquet, le merle, l'etourn",,A Paris,1780,1780,fre,yes
LO1E021557,ECO.01.0043,ECO.01.0043,"Augustini Hiphi, pholosophi suessani, De Auguriis, Libri 2. Nec non de diebus criticis, liber 1. Nunc denuo excusi, et a crassioribus, quibus in vetus",,Marpurgi,1614,1614,lat,yes
PBEE008258,ECO.01.0933,ECO.01.0933,"Recueil de dissertations anciennes et nouvelles. Sur les apparitions, les visions & les songes. Avec une préface historique, par M. l'abbé Lenglet Duf",,"A Avignon, & se trouve a Paris",1751,1751,fre,
LO1E029426,ECO.01.0999,ECO.01.0999,"Les avantures de Jacques Sadeur dans la decouverte et le voiage de la terre australe. Contenant les coûtumes & les moeurs des australiens, leurreligio",,A Paris,1692,1692,fre,
LO1E036577,ECO.01.0612,ECO.01.0612,Riflessioni intorno all'istituzione d'una lingua universale,,In Roma,1774,1774,ita,yes
LO1E020916,ECO.01.0565/2,ECO.01.0565/2,"Animaduersiones in librum praeadamitarum. In quibus confutatur Nuperus scriptor, et, primum omnium hominum fuisse Adamum, defenditur. Authore Eusebio ",,,1656,1656,lat,yes
SBL0376706,ECO.04.0021,ECO.04.0021,Le forme del contenuto,Umberto Eco,Milano,1971,1971,ita,
URB0451594,ECO.01.0293,ECO.01.0293,7-8: Supplement 1-2,par P. Deschamps et G. Brunet,Paris,1966,1966,fre,yes
PBE0149926,ECO.01.0541,ECO.01.0541,Dactylologie et langage primitif restitués d'après les monuments,[J. Barrois],Paris,1850,1850,fre,
LO1E019246,ECO.02.0080,ECO.02.0080,"Essai sur les accusations intentées aux Templiers, et sur le secret de cet ordre, avec une dissertation sur l'origine de la Franc-Maçonnerie, par Fréd",,A Amsterdam,1783,1783,fre,yes
SBL0407853,ECO.02.0016,ECO.02.0016,"La medicina delle passioni ovvero le passioni considerate nelle relazioni colla medicina, colle leggi e colla religione",di G. B. F. Descuret dottore in medicina ed in lettere dell'Accademia di Parigi,Milano,1861,1861,ita,yes
SBL0407884,ECO.02.0018,ECO.02.0018,L'alchimie et les alchimistes,par Louis Figuier,Paris,1860,1860,fre,yes
URB0638092,ECO.01.0509,ECO.01.0509,Gesu Cristo non è mai esistito,Milesbo (avv. Emilio Bossi),Milano,,1900,ita,yes
USM1767105,ECO.02.0168/13,ECO.02.0168/13,Printing and the mind of man,,Bloomington,1973,1973,eng,yes
FER0078442,ECO.01.0466,ECO.01.0466,Der Occultismus des Altertums,von Karl Kiesewetter,Leipzig,[1896?],1896,ger,yes
MIL0065386,ECO.01.0879/08,ECO.01.0879/08,Oberrheinische Buchillustration 2,,[S. l.,1984?],1984,ger,yes
URBE042782,ECO.01.0021,ECO.01.0021,"De occultis literarum notis, seu Artis, animi sensa occulte alijs significandi, aut ab alijs significata expiscandi enodandique, libri 4. ... Io. Bapt",,Argentorati,1603,1603,lat,
URBE050043,ECO.01.0453,ECO.01.0453,"Silentium post clamores, hoc est, Tractatus apologeticus, quo causae non solum clamorum seu reuelationum fraternitatis Germanicae de R.C. sed & silent",,Francof.,1617,1618,lat,yes
USM0095600,ECO.01.0482/18,ECO.01.0482/18,Technica curiosa,Caspar Schott,Hildesheim,1977,1977,ger,yes
URBE050044,ECO.01.0331/2,ECO.01.0331/2,"Themis Aurea, hoc est, De legibus fraternitatis R.C. tractatus, quo earum cum rei veritate conuenientia, utilitas publica & priuata, nec non causa nec",,Francofurti,1618,1618,lat,yes
SBL0462298,ECO.04.0025,ECO.04.0025,Il costume di casa,Umberto Eco,Milano,1973,1973,ita,
FER0078440,ECO.01.0466,ECO.01.0466,Geschichte des neueren Occultismus,von Carl Kiesewetter,Leipzig,[1891?],1891,ger,yes
USM1291326,ECO.02.0083,ECO.02.0083,5: Istar,Josephin Peladan,Paris,1888,1888,fre,yes
PISE002674,ECO.01.1027,ECO.01.1027,"L'art de faire des dettes, suivi de l'art de promener ses créanciers, par un homme comme il faut; dédiés aux gens destitués, reformés; aux victimes de",,Bruxelles,1825,1825,fre,yes
CFI0172464,ECO.04.0037,ECO.04.0037,I limiti dell'interpretazione,Umberto Eco,Milano,1990,1990,ita,
LUAE006490,ECO.03.0067/01,ECO.03.0067/01,Malleus maleficarum,,[Spira,1492 ?],1492,lat,yes
LUAE008313,ECO.01.0410,ECO.01.0410,Cynosura seu Mariana stella polaris disticis ... Septingentis vigintiduobus millibus trecentis sexagintanovem millibus duocentis & octoginta quasi tot,,Viennae Austriae,[1655],1655,lat,
PISE000984,ECO.01.0064,ECO.01.0064,"Physionomie naturelle, extraite de plusieurs philosophes anciens. Et mise en françois par m. Antoine du Mouilin Masconnois",,A Lyon,1550,1550,ita,yes
URB0451573,ECO.01.0293,ECO.01.0293,6: Table methodique,par Jacques-Charles Brunet,Paris,stampa 1966,1966,fre,yes
LO1E025309,ECO.01.0777,ECO.01.0777,"Steganographia: hoc est: ars per occultam scripturam animi sui voluntatem absentibus aperiendi certa; authore reuerendissimo et clarissimo viro, Ioann",,Darmbstadij,1621,1621,lat,yes
LO1E037805,ECO.01.1041,ECO.01.1041,Dionysii a Rickel Carthusiani De remediis tentationum liber. ... Adiectus est Ioannis Gersonis ... Tractatus De diuersis tentationibus diaboli. Una cu,,Dilingae,1589,1589,lat,yes
LO1E041486,ECO.01.0779,ECO.01.0779,"Johannis Trithemii ...Steganographia quae hucusque a nemine intellecta, sed passim vt supposititia, perniciosa, magica et necromantica, reiecta, elusa",,Norimbergae,1721,1721,lat,
LO1E041894,ECO.01.0193,ECO.01.0193,"Quinti Horatii Flacci Emblemata. Imaginibus in æs incisis, notisque illustrata. Studio Othonis Væni Batavo-lugdunensis",,Bruxellis,1683,1683,lat,yes
UM1E020112,ECO.01.1016,ECO.01.1016,"Vlyssis Aldrouandi ... De quadrupedibus digitatis viuiparis libri tres, et De quadrupedibus digitatis ouiparis libri duo. Bartholomaeus Ambrosinus ...",,Bonon.,1645,1645,lat,
UM1E023179,ECO.01.0654,ECO.01.0654,4,,,,1737,fre,yes
LO1E008548,ECO.01.0864,ECO.01.0864,Il magico mondo de gli heroi del sig. Cesare Della Riuiera al feliciss. prencipe Vincenzo Gonzaga ...,,In Mantoua,1603,1603,ita,
UMC0903535,ECO.02.0067,ECO.02.0067,2,[Antonio Bresciani],Fuligno,1851,1851,ita,yes
LO1E009135,ECO.01.0906,ECO.01.0906,Dictionnaire critique des reliques et des images miraculeuses; par. J.-A.-S. Collin de Plancy. Tome premier [-troisième],,Paris,1821-1822,1821,fre,
LO1E009136,ECO.01.0906,ECO.01.0906,1,,,1821,1821,fre,yes
UM1E027579,ECO.01.0945/02,ECO.01.0945/02,"Oswaldi Crollii Praefatio admonitoria, ad lectorem candidum, in qua, iuxta medicinae chymicae comprobatam praestantiam, & hominis microcosmi excellent",,,,1643,lat,yes
UM1E035389,ECO.01.1042,ECO.01.1042,"Il confessore istruito operetta, in cui si dimostra à vn confessor nouello la pratica di amministrare con frutto il sacramento della penitenza. Data i",,In Milano,,1673,ita,yes
PBE0134638,ECO.01.0254/07,ECO.01.0254/07,Alchemy and Distillation,,London,1999,1999,eng,yes
PBEE008259,ECO.01.0933,ECO.01.0933,"1.1: Tome premier, partie I",,,,1751,fre,
UPG0017785,ECO.02.0008,ECO.02.0008,La mirabile visione,Giovanni Pascoli,Bologna,1923,1923,ita,yes
LO1E033247,ECO.01.0463,ECO.01.0463,"Le crocodile, ou La guerre du bien et du mal, arrivée sous le règne de Louis 15.; poème épiquo-magique en 102 chants, dans lequel il y a de longs voya",,A Paris,an VII de la Républi,1798,fre,yes
LO1E008389,ECO.01.0028,ECO.01.0028,"La chiromance, la physionomie et la geomance._Auec la signification des nombres, & l'vsage de la rouë de Pytagore. Par_le sieur de Peruchio",,"Paris :_chez Louis Billaine, au second p",1663,1663,fre,yes
UM1E009749,ECO.02.0114,ECO.02.0114,2: Parte seconda Delle vergini à Dio dedicate,,In Roma,1707,1707,ita,yes
UM1E009750,ECO.02.0114,ECO.02.0114,"3: Parte terza, in cui si riferiscono alcuni di essi tralasciati nella prima edizione, diversi collegii di alunni, e congregazioni di fanciulle, ... l",,In Roma,1710,1710,ita,yes
PARE072843,ECO.01.0495/03,ECO.01.0495/03,Reflexions sur l'ame des bestes. En forme d'amusemens philosophiques,,,1740,1740,fre,yes
PAL0130437,ECO.01.0699/04,ECO.01.0699/04,Istituzioni di rettorica e belle lettere,tratte dalle lezioni di Ugo Blair dal padre Franc. Soave,,,1846,ita,
PAL0130440,ECO.01.0699/04,ECO.01.0699/04,1,Francesco Soave,Palermo,1846,1846,ita,yes
UBOE097367,ECO.01.0170,ECO.01.0170,2: Parte seconda,,,1586,1586,ita,yes
UBOE000943,ECO.03.0052,ECO.03.0052,"Amphitheatrum sapientiae aeternae, solius verae, christiano-kabalisticum, diuino-magicum, nec non physico-chymicum, tertriunum, catholicon: instructor",,,,1609,lat,yes
NAPE023479,ECO.01.0693,ECO.01.0693,Ioan. Francisci Buddei ... Theses theologicae de atheismo et superstitione variis observationibus illustratae et in usum recitationum Academicarum edi,,Lugduni Batavorum,1757,1757,lat,yes
NAPE024188,ECO.03.0066,ECO.03.0066,"Malleus maleficarum et earum haeresin framea conterens. Ex variis auctoribus compilatus, & in tres tomos iustè distributus. Quorum duo priores vanas d",,Lugduni,1620,1620,lat,
NAPE024189,ECO.03.0066,ECO.03.0066,1,,,,1620,lat,yes
UM1E008092,ECO.01.1012,ECO.01.1012,Ulissys Aldrouandi ... Ornithologiae hoc est De auibus historiae libri 12. Ad emin. et reu. principem Carolum s.r.e.car. Rossettum episcopum Fauentinu,,Bonon.,1646,1646,lat,yes
PAL0096204,ECO.01.0007,ECO.01.0007,"L'uomo delinquente in rapporto all'antropologia, alla giurisprudenza ed alle discipline carcerarie",Cesare Lombroso,Torino,1924,1924,ita,yes
UBOE097365,ECO.01.0170,ECO.01.0170,1: Parte prima,,,1586,1586,ita,yes
BVEE038570,ECO.01.0203,ECO.01.0203,1,,,,1694,lat,yes
BVEE038571,ECO.01.0203,ECO.01.0203,2,,,,1694,lat,yes
BVEE039548,ECO.02.0161,ECO.02.0161,"Memoires de M.r L. C. D. R. Contenant ce qui s'est passé de plus particulier sous le ministre cardinal de Richelieu, et du cardinal Mazarin, avec plus",,A Cologne,1687,1687,fre,yes
BVEE039748,ECO.01.0727,ECO.01.0727,"Variorum de arte memoriae, tractatus sex: omnibus cujuscunque status aut conditionis hominibus, praecipuè literarum studiosis, oratoribus, theologis, ",,Francofurti & Lipsiae,1678,1678,lat,
BVEE040356,ECO.01.0199,ECO.01.0199,\1!,,,1626,1626,lat,yes
RMS2665425,ECO.02.0108,ECO.02.0108,"4: Genesis, chapter 23. to chapter 27.",,London,1904,1904,eng,yes
RMS2665434,ECO.02.0108,ECO.02.0108,"5: Genesis, chapter 28. to chapter 31.",,London,1896,1896,eng,yes
RMS2665461,ECO.02.0108,ECO.02.0108,"8: Genesis, chapter 44. to chapter 50.",,London,1890,1890,eng,
TO0E047347,ECO.01.0649,ECO.01.0649,"Philosophia rationalis sive logica, methodo scientifica pertractata et ad usum scientiarum atque vitæ aptata. Præmittitur discursus præliminaris de ph",,Francofurti & Lipsiæ,1740,1740,lat,yes
TO0E047604,ECO.01.0260,ECO.01.0260,"Mélanges tirés d'une petite bibliothéque, ou Variétés littéraires et philosophiques; par Charles Nodier ...",,A Paris,1829,1829,fre,yes
TO0E052051,ECO.01.0930,ECO.01.0930,"Les entrevues du pape Ganganelli, servant de suite aux lettres du meme auteur",,A Anvers,1778,1778,fre,yes
BA10026020,ECO.02.0089,ECO.02.0089,1,Leo Taxil,Paris,1879,1879,fre,yes
BA10030265,ECO.02.0150,ECO.02.0150,2: Les filles sans dot,Xavier De montepin,Paris,1877,1877,fre,yes
BA10030273,ECO.02.0150,ECO.02.0150,3: La comtesse de Gordes,Xavier De Montepin,Paris,1877,1877,fre,yes
BA10026021,ECO.02.0089,ECO.02.0089,2,Leo Taxil,Paris,1879,1879,fre,yes
TO0E055554,ECO.01.0267,ECO.01.0267,"P. Gasparis Schotti ... Schola steganographica, in classes octo distributa, quibus, præter alia multa, ac jucundissima, explicantur artificia nova, qu",,Prostant Norimbergæ,1680,1680,lat,yes
TO0E047825,ECO.01.0668,ECO.01.0668,"Œuvres de Fontenelle, des Académies Françoise, des Sciences, des Belles-Lettres, de Londres ... Tome premier (-huitième)",,A Paris,1790-1792,1790,fre,
TO0E047826,ECO.01.0668,ECO.01.0668,1,,,,1790,fre,yes
TO0E047834,ECO.01.0668,ECO.01.0668,6,,,,1790,fre,
TO0E049615,ECO.01.0966,ECO.01.0966,"Amusement microscopique tant pour l'esprit, que pour les yeux; contenant cinquante estampes dessinés d'après nature et enluminées, avec leurs explicat",,Se grave et se vend a Nuremberg,1764,1764,fre,
TO0E049616,ECO.01.0966,ECO.01.0966,1,,,1764,1764,fre,yes
TO0E049717,ECO.01.0966,ECO.01.0966,[2!: Deuxieme cinquantaine des amusemens microscopiques. De Monsieur Martin Frobene Ledermuller ...,,A Nuremberg,1766,1766,fre,yes
TO0E049719,ECO.01.0966,ECO.01.0966,[3!: Troisieme cinquantaine des amusemens microscopiques de Monsieur Martin Frobene Ledermuller ... contenant en meme tems une fidele methode de faire,,A Nuremberg,1768,1768,fre,yes
BA10030261,ECO.02.0150,ECO.02.0150,1: Les filles sans dot,Xavier De Montepin,Paris,1877,1877,fre,yes
BA10030277,ECO.02.0150,ECO.02.0150,4: La comtesse de Gordes,Xavier De Montepin,Paris,1877,1877,fre,yes
NAP0123879,ECO.02.0078,ECO.02.0078,Consigli di Satana ai Gesuiti esposti da Michelet e Quinet,,Losanna,1848,1848,ita,yes
TO0E047828,ECO.01.0668,ECO.01.0668,2,,,,1790,fre,yes
TO0E047829,ECO.01.0668,ECO.01.0668,3,,,,1790,fre,
TO0E047830,ECO.01.0668,ECO.01.0668,8,,,,1792,fre,
TO0E047831,ECO.01.0668,ECO.01.0668,4,,,,1790,fre,
TO0E047833,ECO.01.0668,ECO.01.0668,5,,,,1790,fre,yes
TO0E047835,ECO.01.0668,ECO.01.0668,7,,,,1792,fre,
TO0E049924,ECO.02.0114,ECO.02.0114,"Catalogo degli ordini religiosi della chiesa militante espressi con immagini, e spiegati con una breve narrazione, offerto ... dal P. Filippo Bonanni ",,In Roma,1706,1706,ita,
TO0E049928,ECO.02.0114,ECO.02.0114,1,,,1706,1706,ita,yes
BA10015725,ECO.02.0012,ECO.02.0012,Le satanisme et la magie,Jules Bois,Paris,1895,1895,fre,yes
TO0E064797,ECO.01.0170,ECO.01.0170,"Imprese illustri di diuersi, co i discorsi di Camillo Camilli, et con le figure intagliate in rame di Girolamo Porro ...",,In Venetia,1586,1586,ita,
TO0E080669,ECO.03.0054,ECO.03.0054,An essay concerning humane understanding. In four books,,London,1690,1690,eng,yes
TO0E080823,ECO.02.0001,ECO.02.0001,"Memoirs of the secret societies of the south of Italy, particularly the Carbonari. Translated from the original ms",,London,1821,1821,eng,yes
NAP0224595,ECO.02.0151,ECO.02.0151,Son Altesse l'Amour,Xavier de Montepin,Paris,,1881,fre,
NAP0224612,ECO.02.0151,ECO.02.0151,4: Le prince Totor. \2!,Xavier de Montepin,Paris,1881,1881,fre,yes
BA10112230,ECO.04.0051,ECO.04.0051,Sette anni di desiderio,Umberto Eco,Milano,2016,2016,ita,
BA10112232,ECO.04.0052,ECO.04.0052,Come si fa una tesi di laurea,Umberto Eco,Milano,2016,2016,ita,
RLZE036372,ECO.01.1073,ECO.01.1073,Le pitture dei Filostrati fatte in volgare la prima volta da Filippo Mercuri con le varianti lezioni tratte da mss. Vaticani. Vol. 1[-2],,Roma,1828,1828,ita,
BA10116681,ECO.04.0083,ECO.04.0083,L'antichità e il Medioevo,"a cura di Umberto Eco, Riccardo Fedriga",Bari,2017,2017,ita,
BA10015557,ECO.01.0710,ECO.01.0710,Citocifra,Michele Arnaldi,Roma,stampa 1928,1928,ita,yes
BA10025982,ECO.02.0089,ECO.02.0089,Le fils du jesuite,Leo Taxil,Paris,1879,1879,fre,
BA10030285,ECO.02.0150,ECO.02.0150,5: Les trois soeurs,Xavier De Montepin,Paris,1878,1878,fre,yes
LO10346410,ECO.04.0004,ECO.04.0004,L'isola del giorno prima,Umberto Eco,[Milano],1994,1994,ita,
BRI0265296,ECO.04.0040/1,ECO.04.0040/1,Il nome della rosa,di Umberto Eco,Milano,1984,1984,ita,
RML0170118,ECO.01.0254/47,ECO.01.0254/47,Alchemie vor 1800,Antiquariat Gerhard Gruber,[S.l.,stampa 2007,2007,ger,yes
NAP0494149,ECO.01.1094,ECO.01.1094,Les filles du feu,par Gerard de Nerval,Paris,1854,1854,fre,yes
TSA1501290,ECO.01.1102,ECO.01.1102,"Johann August Stark's, Verfassers von: Theoduls Gastmahl, Triumph der Philosophie im achtzehnten Jahrhunderte; oder Geschichte der Verschwörung des Ra",neubearbeitet von Simon Buchfelner,Landshut,1834,1834,ger,yes
RMLE002765,ECO.01.0163,ECO.01.0163,"Theatrum vitæ humanæ. A I.I. Boissardo vesuntino conscriptum, et a Theodoro Bryio artificiosissimis historiis illustratum",,[Francoforte sul Meno!,,1596,lat,yes
RMLE000565,ECO.01.0851,ECO.01.0851,"Compendio dell'arte essorcistica, et possibilita delle mirabili, & stupende operationi delli demoni, & de' malefici. Con li rimedij opportuni alle inf",,In Bologna,1578,1578,ita,yes
TSA1356812,ECO.01.0466,ECO.01.0466,Geschichte des Occultismus,von Karl Kiesewetter,Leipzig,,1895,ger,
TSA1356813,ECO.01.0466,ECO.01.0466,2. Theil: Die Geheimwissenschaften,von Karl Kiesewetter,Leipzig,1895,1895,ger,yes
TO0E140546,ECO.01.0363,ECO.01.0363,"De cœlo et ejus mirabilibus et de inferno, ex auditis & visis",,Londini,1758,1758,lat,yes
TO0E151851,ECO.01.0638,ECO.01.0638,Traité des trois imposteurs,,A Amsterdam,1776,1776,fre,yes
RML0070606,ECO.04.0048,ECO.04.0048,Kant e l'ornitorinco,Umberto Eco,\Milano!,1997,1997,ita,
TO10025347,ECO.04.0087,ECO.04.0087,Il fascismo eterno,Umberto Eco,Milano,2018,2018,ita,
NAP0327280,ECO.01.0659,ECO.01.0659,Le traité des trois imposteurs,precede d'une notice philologique et bibliografique par Philomneste junior,Paris,1867,1867,lat,
TO0E155196,ECO.01.0748,ECO.01.0748,"Lb hʼryh ylmd ʼdm daʻt lʻzwr hzkrwn bkl hḥkmwt wʻsqy bny ʼdm bʼwpn hnqr' mqwmyy. ... ʿm hTar""yg mṣwt ʿ""p hRm""bm z""l ... . Wzʼt lYhwdh ʼryh mMwdynh ..",,Ndps bWynyṣyʼh,372 [1612],1612,heb,
TO0E163857,ECO.01.0933,ECO.01.0933,"1.2: Tome premier, partie II",,,,1751,fre,yes
TO0E163859,ECO.01.0933,ECO.01.0933,"2.2: Tome second, partie II",,,1751,1751,fre,yes
BRIE014429,ECO.01.1029,ECO.01.1029,1,,,,1803,ita,yes
LO10438729,ECO.02.0150,ECO.02.0150,Sa Majesté l'Argent,Xavier de Montépin,Paris,1848-1881,1848,fre,
NAP0224590,ECO.02.0151,ECO.02.0151,1: Par les femmes. \1!,Xavier de Montepin,Paris,1881,1881,fre,yes
NAP0224601,ECO.02.0151,ECO.02.0151,2: Par les femmes. \2!,Xavier de Montepin,3. ed,,1881,fre,yes
NAP0224616,ECO.02.0151,ECO.02.0151,5: Le vitriol. \1!,Xavier de Montepin,Paris,1881,1881,fre,yes
NAP0236222,ECO.01.0819,ECO.01.0819,La Divina Commedia,Dante Alighieri,Bergamo,stampa 1934,1934,ita,yes
BA10148437,ECO.02.0166,ECO.02.0166,2: La clef de la magie noire,par Stanislas de Guaita,Paris,1920,1920,fre,yes
TSA0535624,ECO.01.1043,ECO.01.1043,De Spiritualibus exercitiis Sancti Ignatii,Francisci Suarez,Parisiis,[1910?],1910,lat,yes
RML0110522,ECO.02.0144,ECO.02.0144,Le nuove conquiste della scienza,narrate e descritte da Luigi Figuier,Milano,1884,1884,ita,yes
TSA0732129,ECO.01.0482/15,ECO.01.0482/15,Symbola aureae mensae duodecim nationum,Michael Maier,Graz,1972,1972,lat,yes
TSA0949477,ECO.04.0057,ECO.04.0057,Dall'albero al labirinto,Umberto Eco,Milano,2007,2007,ita,
TSA0968789,ECO.01.0482/07,ECO.01.0482/07,"Bacon, Shakespeare ou Saint-Germain?",Jacques Duchaussoy,Paris,1962,1962,fre,yes
RMLE017837,ECO.01.0626,ECO.01.0626,"Elemens d'ideologie. Premiere [- 5.e] partie. Par m. Destutt comte de Tracy, pair de France, membres de l'Institut de France ...",,Paris,1817-1818,1817,fre,
RMLE019131,ECO.01.0470,ECO.01.0470,"Theatre des instrumens mathematiques et mechaniques de Iaques Besson, Dauphinois, docte Mathematicien: auec l'interpretation des figures d'icelui, par",,A Lyon,1594,1594,fre,yes
RMLE023747,ECO.01.0913,ECO.01.0913,De parte horoscopante ad sereniss. Franciscum Medicem magnum Hetruriæ ducem 2. Tuccij Tuccij patritij et I.V. consul. lucen. liber 1 ... Ad illmum & e,,Lugduni,1585,1585,lat,yes
RMLE028006,ECO.01.0959,ECO.01.0959,Leuini Lemnii Occulta naturæ miracula libri 4,,[Leyden!,[1624-1642!,    ,lat,yes
LO10546061,ECO.01.1076,ECO.01.1076,L'art religieux de la fin du Moyen Age en France,Émile Mâle,Paris,1931,1931,fre,yes
RMLE018503,ECO.03.0056,ECO.03.0056,"Iordanus Brunus Nolanus De vmbris idearum. Implicantibus artem, quærendi, inueniendi, iudicandi, ordinandi, & applicandi: ad internam scripturam, & no",,Parisiis,1582,1582,lat,yes
RMLE019374,ECO.01.0627,ECO.01.0627,2,,,,1827,fre,
RMLE019424,ECO.01.0052,ECO.01.0052,"Iulii Caesaris Scaligeri Exotericarum exercitationum liber 15. De Subtilitate, ad Hieronymum Cardanum. In fine duo sunt Indices: prior breuisculus, co",,,,1592,lat,yes
RMLE022410,ECO.01.0569/02,ECO.01.0569/02,"Jac. Perizonii Origines Babylonicae et Aegypticae tomis 2. quorum prior Babylonica, & turris in terra sinear extructae, ac dispersionis hominum ex ea,",,Lugduni Batavorum,1711,1711,lat,
RMLE026110,ECO.01.1073,ECO.01.1073,1,,,,1828,ita,yes
RMLE026112,ECO.01.1073,ECO.01.1073,2,,,,1828,ita,yes
RMLE019370,ECO.01.0627,ECO.01.0627,De l'education des sourds-muets de naissance; par M. Degerando ... tome premier  -second!,,A Paris,1827,1827,fre,
RMLE019372,ECO.01.0627,ECO.01.0627,1,,,,1827,fre,yes
TSA0356834,ECO.01.0910,ECO.01.0910,"Encyclopédie théologique, ou Série de dictionnaires sur toutes les parties de la science religieuse ...",publiée par M. l'abbé Migne,Paris,,1844,fre,
BVE0002101,ECO.01.0879/02,ECO.01.0879/02,Hispanic rare books of the golden age (1470-1699) in the Newberry Library of Chicago and in selected North American libraries,Joseph L. Laurenti,New York \etc.!,©1989,1989,eng,yes
BA10168109,ECO.04.0097,ECO.04.0097,Confessioni di un giovane romanziere,Umberto Eco,Milano,2023,2023,ita,
BA1E010741,ECO.01.0655,ECO.01.0655,Abrege de la vie et du systeme de Gassendi. Par m. de Camburat,,A Bouillon,1770,1770,fre,yes
BMC0003201,ECO.01.0498,ECO.01.0498,Fundamento de esperanto,L. L. Zamenhof,Paris,1907,1907,epo,yes
RMLE059343,ECO.01.0443,ECO.01.0443,"Septimana philosophica, qua aenigmata aureola de omni naturae genere a Salomone israelitarum sapientissimo rege, & Arabiae regina Saba, nec non Hyramo",,Francofurti,1620,1620,lat,yes
TSAE001088,ECO.02.0157,ECO.02.0157,Vita e lettere di Abelardo e di Eloisa. Traduzione dal francese di AndreaMetra. Divisa in due tomi. Tomo primo (-secondo),,Trieste,1794,1794,ita,
TSAE001089,ECO.02.0157,ECO.02.0157,1,,,,1794,ita,yes
TSAE001090,ECO.02.0157,ECO.02.0157,2,,,,1794,ita,yes
TSAE002379,ECO.01.0878,ECO.01.0878,"La Philosophie naturelle restablie en sa purete, ou l'on void a decouvert toute l'oeconomie de la nature et ou se manifestent quantite d'erreurs de la",,A Paris,1651,1651,fre,yes
TSAE002399,ECO.01.0844/02,ECO.01.0844/02,La poudre de sympathie iustifiee. Dedie a monsieur Foucquet procureur general,,A Paris,1658,1658,fre,yes
RMLE063794,ECO.01.0450,ECO.01.0450,"La doctrine curieuse des beaux esprits de ce temps, ou pretendus tels. Contenant plusieurs maximes pernicieuses...Combattue et renversee par le P. Fra",,A Paris,1623,1623,fre,yes
UBO0009674,ECO.01.0213,ECO.01.0213,Les fous litteraires,Andre Blavier,\Alencon?!,c1982,1982,fre,yes
LO10623750,ECO.01.1064,ECO.01.1064,Les conspirateurs,par A. Chenu,Paris,1850,1850,fre,yes
TSAE002397,ECO.01.0844/01,ECO.01.0844/01,"Traite des talismans ou figures astrales: dans lequel est monstre que leurs effects, & vertus admirables sont naturelles, & enseigne la maniere de les",,A Paris,1658,1658,fre,yes
RMLE068771,ECO.01.0875,ECO.01.0875,Hieronymi Bardi D.S iatro-philo-Euchymici Theatrum naturae iatrochymicae rationalis. Opus Dogmaticum Theorico-Practicum; quo quidquid in vniuerso natu,,Romae,1664,1664,lat,yes
LO10728350,ECO.02.0095/3,ECO.02.0095/3,Les cent pages décisives,,Metz,1850,1850,fre,yes
UBO0171802,ECO.04.0033,ECO.04.0033,De bibliotheca,Umberto Eco,Milano,1981,1981,ita,
UBO0257561,ECO.01.0100/2,ECO.01.0100/2,Incunables,[catalogue rédigé par Stephane Clavreuil],Paris,[1994],1994,fre,yes
BVE0199300,ECO.01.0175,ECO.01.0175,Stanislas de Guaita et sa bibliothèque occulte,René Philipon,[Paris]: Gutenberg Reprint,1980,1980,fre,yes
RMLE042989,ECO.01.0073,ECO.01.0073,Orbis Phaëton hoc est de universis vitiis linguae auctore Hieremia Drexelio è Societate Iesu,,Coloniae,1631,1631,ger,yes
RMLE049961,ECO.01.0775,ECO.01.0775,"Steganographia: hoc est: Ars per occultam scripturam animi sui voluntatem absentibus aperiendi certa; Authore ... Joanne Trithemio, Abbate Spanhaimens",,Francofurti,1606,1606,lat,yes
TSAE013442,ECO.01.0671,ECO.01.0671,"Clauis Scripturæ sacræ, seu de sermone Sacrarum literarum, in duas partes divisæ, quarum prior singularum vocum, atque locutionum Sacræ Scripturæ vsus",,Lipsiæ,1695,1695,lat,
NAP0519891,ECO.02.0159,ECO.02.0159,La comtesse de Salisbury,par Alexandre Dumas,Paris,,1861,fre,
RMLE029921,ECO.01.0157,ECO.01.0157,"Orus Apollo Nilliacus De Hieroglyphicis notis, a Bernardino Trebatio Vicentino Latinitate donatus",,Lugduni,1542,1542,lat,yes
RMLE031011,ECO.01.0164,ECO.01.0164,Ioachimi Camerarii medici ... Symbolorum et emblematum centuriæ tres. 1. Ex herbis & stirpibus. 2. Ex animalibus quadrupedibus. 3. Ex volatilibus & in,,[Heidelberg],1605,1605,lat,yes
LO10728345,ECO.02.0095/1,ECO.02.0095/1,Adresse aux nations civilisées sur leur sinistre desordre revolutionnaire; comme suite de la réforme du savoir humain,par Hoené Wronski,Paris,1848,1848,fre,yes
LO10728347,ECO.02.0095/2,ECO.02.0095/2,Dernier appel aux hommes superieurs de tous les pays pour mettre fin au sinistre désordre révolutionnaire du monde civilisé et appel spécial au gouver,par l'auteur de la réforme du savoir humain,Paris,1849,1849,fre,yes
RMR0015565,ECO.01.0547,ECO.01.0547,"Amusements Philologiques, ou varietes en tous genres",G.P. Philomneste,Dijon,1842,1842,fre,yes
LO10735156,ECO.02.0032,ECO.02.0032,Les médiateurs et les moyens de la magie,par le chavalier Gougenot Des Mousseaux,Paris,1863,1863,fre,yes
LO10736524,ECO.01.0859,ECO.01.0859,De la demonialite et des animaux,par Louis Marie Sinistrari d'Ameno,Paris,1875,1875,fre,yes
LO10745372,ECO.02.0019,ECO.02.0019,La muse noire,Stanislas de Guaita,Paris,1883,1883,fre,yes
BVE0192977,ECO.01.0177,ECO.01.0177,Bibliotheca esoterica,,Barueil-en-Vexin,1975,1975,fre,yes
LO10733396,ECO.01.0035,ECO.01.0035,Catalogue officiel ... du second Salon de la Rosecroix ...,,Paris,1893,1893,fre,yes
LO10733621,ECO.02.0004,ECO.02.0004,1: Au seuil du mystere,par Stanislas de Guaita,Paris,1890,1890,fre,yes
UBO1285744,ECO.01.1077,ECO.01.1077,L' art religieux du 12. siècle en France,Emile Male,Paris,1947,1947,fre,yes
UBO0132374,ECO.01.0688,ECO.01.0688,"La crittografia diplomatica, militare e commerciale, ossia L'arte di cifrare e decifrare le corrispondenze segrete",saggio del conte Luigi Gioppi di Turkheim,Milano,1897,1897,ita,yes
LO10728999,ECO.02.0094,ECO.02.0094,Messianisme,,Paris,1839,1839,fre,yes
MIL0853051,ECO.04.0049,ECO.04.0049,Dire quasi la stessa cosa,Umberto Eco,Milano,2013,2013,ita,
LO10800659,ECO.01.0879/07,ECO.01.0879/07,Ars Nipponica,a cura del barone Pompeo Aloisi,Tokio,1929,1929,ita,
UBO0121384,ECO.04.0022,ECO.04.0022,Documenti su il nuovo Medioevo,Umberto Eco ... [et al.],Milano,1973,1973,ita,
LO10733622,ECO.02.0020,ECO.02.0020,2: Le serpent de la Genese,par Stanislas de Guaita,Paris,1891,1891,fre,yes
LO10735483,ECO.01.0262,ECO.01.0262,Catalogue de la bibliotheque de feu M. Charles Nodier ...,,Paris,1844,1844,fre,yes
LO10827944,ECO.01.1034,ECO.01.1034,La Germania,Heine,Milano,[tra 1916 e 1920],1916,ita,yes
UBO1109042,ECO.01.0263,ECO.01.0263,"Lettres a M. Hatton, juge d'instruction, au sujet de l'incroyable accusation intentée contre M. Libri, contenant de curieux détails sur toute cette af",par M. Paul Lacroix,Paris,1849,1849,fre,yes
TO0E166676,ECO.01.0487,ECO.01.0487,Amusement philosophique sur le langage des bestes,,A Paris,1739,1739,fre,yes
NAP0288351,ECO.01.0058,ECO.01.0058,La Germanie,Tacito,Paris,1878,1878,fre,yes
BAS0259811,ECO.01.0533,ECO.01.0533,Sinopsi etimologica e glossogonica ovvero concordanza radicale di tutti i linguaggi preceduta dalle nozioni elementari di glossosofia e glossogonia,ed esposta con ordine alfabetico da Lelio Carfora,Napoli,1842,1842,ita,yes
BA1E011899,ECO.01.0977/03,ECO.01.0977/03,"10: Frederici Ruyschii ... Thesaurus magnus & regius qui est decimus Thesaurorum anatomicorum. In quo praecipue corporis humani partes, ceu in statu v",,Amstelaedami,1729,1729,lat,yes
TO0E161376,ECO.01.0601,ECO.01.0601,"I. A. Comenii Ianua aurea reserata duarum linguarum, sive compendiosa methodus Latinam, Gallicam linguam perdiscendi, sub titulis centum, periodis mil",,Geneuae,1663,1663,lat,yes
TO0E163858,ECO.01.0933,ECO.01.0933,"2.1: Tome second, partie I",,,,1751,fre,yes
TO0E169988,ECO.01.0027/1,ECO.01.0027/1,"Geomancie astronomique de Gerard de Cremone. Pour sauoir les choses pasées, les presentes, & les futures. Traduite par le sieur de Salerne",,A Paris,1687,1687,fre,yes
TO0E170131,ECO.01.0027/2,ECO.01.0027/2,"La Geomancie et nomancie des Anciens. La Nomancie cabalistique, avec l'Heure du berger mises en François Par le Sieur de Salerne",,A Paris,1687,1687,fre,yes
BA1E001481,ECO.01.0620,ECO.01.0620,"Joh.J. Becheri, spirensis Character, pro notitia linguarum vniuersali. Inuentum steganographicum hactenus inauditum quo quilibet suam legendo vernacul",,Francofurti,1661,1661,lat,yes
NAP0195594,ECO.01.0904,ECO.01.0904,"Le musée des sorciers, mages et alchimistes",par Grillot de Givry,Paris,1929,1929,fre,yes
NAP0225665,ECO.02.0149,ECO.02.0149,Le crime d'Asnieres,Xavier de Montepin,Paris,,1885,fre,
NAP0225870,ECO.02.0149,ECO.02.0149,Le rastaquouere,Xavier de Montepin,Paris,1885,1885,fre,yes
NAP0238228,ECO.01.1039,ECO.01.1039,"Napoleone non è mai esistito, ossia Grande erratum",G. B. Pérès,Napoli,1914,1914,ita,
TO0E043756,ECO.01.0973/01,ECO.01.0973/01,"Schola Salernitana, sive De conservandâ valetudine praecepta metrica. Autore Joanne de Mediolano hactenus ignoti cum luculentâ & succintâ Arnoldi Vill",,Roterodami,1667,1667,lat,yes
TO0E044030,ECO.01.1049,ECO.01.1049,Il capuccino ritirato per dieci giorni in se' stesso. O sia esercizj spirituali aggiustati ad uso de Frati Capuccini di s. Francesco da un religioso d,,In Milano,1719,1719,ita,yes
TO0E046385,ECO.01.0695,ECO.01.0695,"De bibliothecis liber singularis. Auctore Johanne Lomeiero, ecclesiae Deutechomiensis pastore",,Prostat Zutphaniae,1669,1669,lat,yes
TO0E067600,ECO.01.0077,ECO.01.0077,3: Tertia pars. In librum prædicamentorum Aristotelis. Auctore P.M.F. Ioanne de S. Thoma ...,,Bononiæ,1684,1684,lat,yes
TO0E068505,ECO.01.0170,ECO.01.0170,"3: Imprese illustri di diuersi, co' discorsi di Camillo Camilli, et con le figure intagliate in rame di Girolamo Porro ...",,In Venetia,1586,1586,ita,yes
NAP0224608,ECO.02.0151,ECO.02.0151,3: Le prince Totor. \1!,Xavier de Montepin,Paris,1881,1881,fre,yes
NAP0224618,ECO.02.0151,ECO.02.0151,6: Le vitriol. \2!,Xavier de Montepin,Paris,1881,1881,fre,yes
NAP0225661,ECO.02.0149,ECO.02.0149,L'entremetteuse,Xavier de Montepin,Paris,1885,1885,fre,yes
TO0E033846,ECO.01.0222,ECO.01.0222,"L'Alessandrina tetracty overo la quatternita d'Alessandria cioè Alessandria descritta, annalliggiata, illustrata, e celebrata. Opera da varij auttori ",,In Milano,1670,1670,ita,
RLZE024392,ECO.01.0062/03,ECO.01.0062/03,"Petri Laurembergii ... Pasicompse nova, Id est accurata & curiosa delineatio pulchritudinis ... Opusculum variae eruditionis plenum, non minus profutu",,[Lipsiae],1672,1672,lat,
RLZE003395,ECO.01.0644/4,ECO.01.0644/4,4: Dialogi di Antonio Brucioli della metaphisicale philosophia,,In Venetia,1545,1545,ita,yes
TO0E038524,ECO.01.0833,ECO.01.0833,"1: Eusebiou tou Pamphilou ... Hypomnemata eis tous Psalmous. Eusebii Pamphili ... Commentarii in Psalmos. Nunc primùm ex mss. codicibus eruti, latinè ",,Parisiis,1707,1707,lat,yes
TO0E038552,ECO.01.0833,ECO.01.0833,"2: Tou en hagiois patros emon Athanasiou Ta deuterais phrontisin euriskomena. Sancti patris nostri Athanasii Opuscula secundis curis reperta, et ante ",,Parisiis,1707,1707,grc,yes
NAP0025914,ECO.01.0559,ECO.01.0559,3: Trattati su la filosofia delle lingue,"di Gian-Francesco Galeani Napione, Melchiorre Cesarotti, Ulivo Bucchi",Napoli,1836,1836,ita,yes
TO0E033289,ECO.01.0555/1,ECO.01.0555/1,"Discours préliminaire du nouveau dictionnaire de la langue française. Par A. C. De Rivarol. Première partie. De l'homme, de ses facultés intellectuell",,A Paris,an cinquième de la R,1797,fre,yes
RLZ0309443,ECO.04.0009,ECO.04.0009,La bomba e il generale,Eugenio Carmi,Milano,1966,1966,ita,
TO0E027796,ECO.01.0560,ECO.01.0560,"Samuelis Bocharti Geographia sacra, cujus pars prior Phaleg de dispersione gentium & terrarum divisione facta in ædificatione turris Babel; pars poste",,Excusum Francofurti ad Moenum,1681,1681,lat,yes
TO0E031666,ECO.01.0674,ECO.01.0674,Quaresimale del padre Paolo Segneri della Compagnia di Gesù,,Venezia,1765,1765,ita,yes
TO0E032458,ECO.01.0580/01,ECO.01.0580/01,Religio medici cum annotationibus,,Argentorati,1677,1677,lat,yes
TO0E039904,ECO.01.0238,ECO.01.0238,"Les Œuvres de Me Jean Belot curé de Milmont, professeur aux sciences divines et celestes. Contenant la chiromance, physionomie, l'art de memoire de Ra",,A Liege,1704,1704,fre,yes
RLZE017081,ECO.01.0229/01,ECO.01.0229/01,"Margarita pretiosa nouella exhibens introductionem in artem chemiae integram ante annos plus minus ducentos septuaginta composita, auctore M. Petro Bo",,Argentorati,1608,1608,lat,yes
RLZE024019,ECO.01.0068,ECO.01.0068,"Liber anagrammaton multis epigrammatis ornatus, inter quae anagrammata, aliquot inscriptiones siue elogia nouae inuentionis ... Authore Carolo a S. An",,Romae,1674,1674,lat,yes
RLZE024534,ECO.01.0594/4,ECO.01.0594/4,Nouvelles observations sur le texte et les versions du nouveau testament. Par R. S. P,,A Paris,1695,1695,fre,yes
LO10262260,ECO.04.0032,ECO.04.0032,De bibliotheca,Umberto Eco,Milano,1982,1982,ita,
TO0E028620,ECO.03.0048,ECO.03.0048,"F. Thomæ Campanellæ Calabri o.p. Realis philosophiæ epilogisticæ partes quatuor, hoc est De rerum natura, Hominum moribus, Politica, (cui Ciuita solis",,Francofurti,1623,1623,lat,yes
NAP0031710,ECO.02.0071,ECO.02.0071,Storia comparata degli usi natalizi in Italia e presso gli altri popoli indo-europei,A. De Gubernatis,Milano,1878,1878,ita,yes
RLZE010951,ECO.01.0786,ECO.01.0786,"1: Joannis Trithemij Spanheimensis et postea Divi Jacobi apud Herbipolim abbatis viri suo ævo doctissimi tomus 1. Annalium Hirsaugiensium, opus nunqua",,Typis eiusdem Monasterij S. Galli,1690,1690,lat,yes
RLZE016363,ECO.01.0898,ECO.01.0898,Dimostrationi harmoniche del r.m. Gioseffo Zarlino da Chioggia maestro di capella della illustris. Signoria di Venetia. Nelle quali realmente si tratt,,In Venetia,1571,1571,ita,
TO0E027631,ECO.01.0871,ECO.01.0871,Speculum lapidum Camilli Leonardi. Cui accessit Sympathia septem metallorum ac septem selectorum Lapidum ad planetas. D. Petri Arlensis de Scudalupis ,,Parisiis,et Joannem Petitpas ,1610,lat,yes
MIL0782654,ECO.01.0538,ECO.01.0538,La tour de Babel et la langue primitive de la terre,par Michel Honnorat,Paris,1936,1936,fre,yes
NAP0077194,ECO.01.0060,ECO.01.0060,Opere minori di Dante Alighieri,,Firenze,,1831,ita,
RMLE067294,ECO.03.0060/04,ECO.03.0060/04,Eloquentissimi uiri domini Antonij Becharie ueronensis Proemium in Dionysij traductionem de situ orbis habitabilis ad clarissimum physicum magistrum H,,,,1478,lat,yes
NAP0519892,ECO.02.0159,ECO.02.0159,1,par Alexandre Dumas,Paris,1861,1861,fre,yes
NAP0519893,ECO.02.0159,ECO.02.0159,2,par Alexandre Dumas,Paris,1861,1861,fre,yes
LO10532934,ECO.02.0070,ECO.02.0070,1,G. De Castro,Milano,1864,1864,ita,
LO10532937,ECO.02.0070,ECO.02.0070,4,G. De Castro,Milano,1864,1864,ita,yes
RMLE028995,ECO.01.1036,ECO.01.1036,"Centuria di Leporeambi alfabetici, lirici, satirici faceti, decasillabi, endecasillabi, duodecasillabi, tredecasillabi, vnioni, trifoni, quadrifoni, c",,In Roma,1651,1651,ita,yes
RMLE011763,ECO.01.0084,ECO.01.0084,"D. Nicolai de Cusa cardinalis... Opera. In quibus theologiae mysteria plurima, sine spiritu Dei inaccessa, iam aliquot seculis velata & neglecta reuel",,Basilaæ,,1565,lat,yes
RMLE038964,ECO.01.0720,ECO.01.0720,"De memoria reparanda, augenda, seruandaque liber vnus. De locali vel artificiosa memoria liber alter. Autore G. Gratarolo medico Bergomate",,,1555,1555,lat,yes
RMLE038875,ECO.01.0733/1,ECO.01.0733/1,Opusculum raymundinum de auditu kabbalistico siue ad omnes scientias introductorium quod videtur esse introductorium ad sapientiam kabbalam regulatum ,,,,1518,lat,yes
RMLE040366,ECO.01.0785,ECO.01.0785,"Polygraphie, et vniuerselle escriture cabalistique de M. I. Tritheme abbé, traduicte par Gabriel de Collange, natif de Tours en Auuergne",,A Paris,1561,1561,fre,
RMLE043513,ECO.01.0031,ECO.01.0031,La monacologia ossia Descrizione metodica de' frati di Giovanni Fisiofilo dalla latina nell'italiana favella recata da C.B,,Eridania [i.e. Torino],,1801,ita,yes
RMLE072212,ECO.02.0112,ECO.02.0112,"L'esprit de la Franc-Maçonnerie dévoilé, relativement au danger qu'elle renferme. Pour servir à MM. les Ecclésiastiques et à tous les amis de la relig",,A Montpellier,1816,1816,fre,
UBO0030934,ECO.01.0254/43,ECO.01.0254/43,John Dee's library catalogue,edited by Julian Roberts & Andrew G. Watson,London,1990,1990,eng,yes
TSA1831458,ECO.04.0102,ECO.04.0102,La bomba e il generale,"Eugenio Carmi, Umberto Eco",Milano,2024,2024,ita,
RMLE015118,ECO.03.0064,ECO.03.0064,"Theatrum orbis terrarum opus nunc denuo ab ipso auctore recognitum, multisque locis castigatum, & quamplurimis nouis tabulis atque commentarijs auctum",[Abrahamus Ortelius],,,1575,lat,yes
MIL0832102,ECO.04.0081,ECO.04.0081,Scritti sul pensiero medievale,Umberto Eco,Milano,2012,2012,ita,
RMLE016410,ECO.01.0115,ECO.01.0115,Antiquitatum variarum volumina 17. A venerando & sacrae theologiae: & praedicatorii ordinis professore Io. Annio hac serie declarata. Contentorum in a,,[Parigi],,1515,lat,yes
RMLE020659,ECO.01.0563,ECO.01.0563,"Scriptorum illustrium maioris Brytanniae, quam nunc Angliam et Scotiam uocant: catalogus: a Iapheto per 3618 annos, usque ad annum hunc Domini 1557 ..",,Basileae,apud Ioannem Oporinu,1557,lat,yes
LO10532940,ECO.02.0070,ECO.02.0070,7,G. De Castro,Milano,1864,1864,ita,yes
RMLE008159,ECO.03.0009,ECO.03.0009,"Magnencij Rabani Mauri De laudibus sancte crucis opus, erudicione versu prosaque mirificum",,,,1503,lat,yes
RMLE011290,ECO.01.0070,ECO.01.0070,"Xenophontis Gnomologiae, eiusdem parabolae siue similitudines. Illustres praetereà sententiae exprobatiss. cum graecis tum latinis autoribus excerptae",,Lugduni,1558,1558,lat,yes
BRIE008018,ECO.01.1010,ECO.01.1010,"Vlyssis Aldrouandi ... De quadrupedibus solidipedibus volumen integrum. Joannes Cornelius Vteruerius ... collegit, & recensuit. Hieron. Tamburinus in ",,Francofurti,1623,1623,lat,yes
BRIE014428,ECO.01.1029,ECO.01.1029,"Anatripsologia ossia Dottrina delle frizioni che comprende il nuovo metodo d'agire sul corpo umano per mezzo di frizioni fatte cogli umori animali, e ",,Napoli,1803,1803,ita,
BRIE014430,ECO.01.1029,ECO.01.1029,2,,,,1803,ita,yes
UBO1285678,ECO.01.1078,ECO.01.1078,L'art religieux du 13. siecle en France,Emile Male,Paris,1948,1948,fre,yes
LO11067940,ECO.01.0527,ECO.01.0527,The mystery of William Shakespeare,Charlton Ogburn,Bungay,1988,1988,eng,yes
BVEE002648,ECO.01.0019,ECO.01.0019,De furtiuis literarum notis vulgo De ziferis libri 4. Ioan. Baptista Porta Neapolitano autore,,Neapoli,1563 \i.e. Londra,1591,lat,yes
LO11191610,ECO.01.0230,ECO.01.0230,Libri d'ore,Giuseppe Solmi Studio Bibliografico,Ozzano Emilia,2008,2008,ita,yes
BVEE010107,ECO.01.0932,ECO.01.0932,"De vitis, sectis, et dogmatibus omnium haereticorum, qui ab orbe condito, ad nostra vsque tempora et veterum et recentium authorum monimentis proditi ",,Coloniae,1581,1581,lat,
BVEE017460,ECO.01.0771,ECO.01.0771,"Polygraphiae libri sex, Ioannis Trithemii abbatis Peapolitani, quondam Spanheimensis, ... Accessit clauis Polygraphiae liber unus, eodem authore. ... ",,Francoforti,1550,1550,lat,yes
BVEE018243,ECO.01.1033,ECO.01.1033,"Tutte l'opere di M. Giulio Camillo Delminio; il catalogo delle quali s'ha nella seguente facciata; nuouamente ristampate, & ricorrette da Thomaso Porc",,In Vinegia,1566,1566,ita,yes
BVEE018994,ECO.01.0081,ECO.01.0081,"Mercurij Trismegisti Pimandras vtraque lingua restitutus, D. Francisci Flussatis Candallae industria. ...",,Burdigalae,1574,1574,grc,yes
BVEE021017,ECO.01.0075,ECO.01.0075,"Iamblichus De mysteriis Aegyptiorum, Chaldæorum, Assyriorum. Proclus. In Platonicum Alcibiadem de anima, atque dæmone. Idem De sacrificio & magia. Por",,Lugduni,1577,1577,lat,
BVEE000553,ECO.01.0093,ECO.01.0093,"Ammonii Hermei Commentaria in librum Porphyrii de quinque uocibus, & in Aristotelis Praedicamenta, ac Perihermeneias cum indice, tam rerum, quam uerbo",,Venetiis,1552,1552,lat,yes
UBO3094812,ECO.02.0058,ECO.02.0058,2: Angleterre,par M. Emile Marco de Saint-Hilaire,Paris,1849,1849,fre,yes
RMS0083650,ECO.01.1001,ECO.01.1001,Recueil des travaux scientifiques de Leon Foucault,publie par Madame veuve Foucault sa mere,Paris,,1878,fre,
BVEE006463,ECO.01.0847,ECO.01.0847,"Les deuins, ou Commentaire des principales sortes de deuinations distingué en quinze liures, esquels les ruses & impostures de Satan son descouuertes,",,A Lyon,1584,1584,frm,yes
LO11102000,ECO.02.0047,ECO.02.0047,Traduit de l'argot,Francis Carco,Paris,1932,1932,fre,
BVEE020615,ECO.01.0811,ECO.01.0811,"La Fabrica del mondo di m. Francesco Alunno da Ferrara, nella quale si contengono le voci di Dante, del Petrarca, del Boccaccio, & d'altri buoni autor",,"In Venetia, \al segno della Concordia!",1581,1581,ita,
BVEE002283,ECO.03.0021,ECO.03.0021,Monas hieroglyphica Ioannis Dee Londinensis ...,,\Anversa!,1564,1564,lat,
RMS0087508,ECO.02.0103,ECO.02.0103,Introduction a l'etude de la chimie des anciens et du moyen age,par M. Berthelot,Paris,1938,1938,fre,yes
BVEE007914,ECO.01.0701,ECO.01.0701,"La retorica di M. Tullio Cicerone a Gaio Herennio, ridotta in alberi; con tanto ordine, et con essempi così chiari, & ben collocati, che ciascuno potr",,In Vinegia,1561,1561,ita,yes
LO11166971,ECO.01.1095,ECO.01.1095,Les illuminés,par Gérard de Nerval,Paris,1852,1852,fre,yes
BVEE003236,ECO.01.0886/01,ECO.01.0886/01,"Iulii Firmici Materni iunioris Siculi V.C. ad Mauortium Lollianum, Astronomicōn libri 8, per Nicolaum Prucknerum astrologum nuper ab innumeris mendis ",,Basileae,1551. Mense Aprili,1551,lat,yes
BVEE004357,ECO.01.0090,ECO.01.0090,"Marsilij Ficini ... Opera & quæ hactenus extitêre, & quæ in lucem nunc primùm prodiêre omnia, ... in duos tomos digesta, ... Vnà cum Gnomologia, hoc e",,Basileæ,1561,1561,lat,
LO11178538,ECO.01.0821,ECO.01.0821,[2!: Divina Commedia,Dante Alighieri,Gorle,2000,2000,ita,yes
BVEE005031,ECO.01.0092,ECO.01.0092,"Hieronymi Cardani ... De rerum varietate libri 17. Adiectus est capitum, rerum & sententiarum notatu dignissimarum index. ...",,Basileae,1557,1557,lat,yes
BVEE005939,ECO.01.0689,ECO.01.0689,Catalogus Sanctorum. Sanctorum catalogus vitas: passiones: & miracula commodissime annectens: Ex varijs voluminibus selectus. Quem edidit ... Petrus d,,Veneunt Lugd.,1545,1545,lat,yes
RMS0087506,ECO.02.0104,ECO.02.0104,Les origines de l'alchimie,par M. Berthelot,Paris,1938,1938,fre,yes
BVEE014009,ECO.01.0087/02,ECO.01.0087/02,Annotationes Petri Mosellani Protogensis in clarissimas Auli Gellii Noctes Atticas,,\Parigi!,1534,1534,lat,yes
BVEE017789,ECO.01.0118,ECO.01.0118,Francisci Georgii Veneti ... De harmonia mundi totius cantica tria,,,,1525,lat,yes
BVEE018094,ECO.01.0770,ECO.01.0770,"Dn. Iohannis Tritthemii abbatis Spanheimensis, De scriptoribus ecclesiasticis, siue per scripta illustribus in Ecclesia viris, cum appendicibus duabus",,Coloniae,mense Martio 1546,1546,lat,yes
NAP0811125,ECO.01.0226,ECO.01.0226,Amphithéatre de l'éternelle sapience,Henri Khunrath,Paris,1898,1900,fre,yes
UBO3094792,ECO.02.0058,ECO.02.0058,"Histoire des conspirations et des executions politiques en France, en Angleterre, en Russie, et en Espagne depuis les temps les plus recules jusqu'à n",par M. Emile Marco de Saint-Hilaire,Paris,,1849,fre,
UBO3094827,ECO.02.0058,ECO.02.0058,3: Russie,par M. Emile Marco de Saint-Hilaire,Paris,1849,1849,fre,yes
BVEE006782,ECO.01.0705,ECO.01.0705,"Antonii Riccoboni De vsu artis rhetoricae Aristotelis commentarii vigintiquinque, quibus duplex rhetorica strictim explicatur, altera, quae praecepta ",,Francoforti,1595,1595,lat,yes
RMR0311076,ECO.01.0259,ECO.01.0259,Description raisonnées d'une jolie collection de livres (nouveaux mélanges tirés d'une petite bibliothèque),par Charles Nodier...,Paris,1844,1844,fre,yes
RMR0326917,ECO.01.1000,ECO.01.1000,Desert Islands and Robinson Crusoe,by Walter De la Mare,London,1930,1930,eng,yes
BVE0471523,ECO.02.0168/11,ECO.02.0168/11,"Printed books including art reference, atlases, maps, travel and topography, natural history ...",Sotheby's,London,[1986?],1986,eng,yes
MIL0875342,ECO.04.0006,ECO.04.0006,La misteriosa fiamma della regina Loana,Umberto Eco,Milano,2014,2014,ita,
UBO1774019,ECO.01.0666,ECO.01.0666,Protogée ou de la formation et des révolutions du globe,par Leibniz,Paris,1859,1859,fre,yes
RMS2490682,ECO.04.0063,ECO.04.0063,"[4]: Esplorazioni, commerci, utopie",,Milano,©2011,2011,ita,
BVEE030868,ECO.01.0716/01,ECO.01.0716/01,"D.D.R.C.F. Lazari Meyssonnerii Matisconensis ... Pentagonum philosoph.-medicum. Siue ars noua reminiscentiae. ... Opus nouum, ad discendam, docendam, ",,Lugduni,1639,1639,lat,yes
BVEE034459,ECO.01.0392,ECO.01.0392,"1.2: Tractatus secundus, de naturae simia seu Technica macrocosmi historia, in partes undecim divisa. Authore Roberto Fludd alias de Fluctibus, ...",,Francofurti,1624,1624,lat,yes
BVEE034735,ECO.01.0172,ECO.01.0172,"Ioannis Dallaei De imaginibus libri 4. Concil. Eliberit. Can. 36. Placuit picturas in Ecclesiâ esse non debere, ne quod colitur & adoratur, in parieti",,Lugd. Batavor.,1642,1642,lat,yes
BVEE035259,ECO.01.0743/4,ECO.01.0743/4,"Artis memoriae, pars 4. videlicet, De memoria reparanda conseruandaque, ac de reminiscentia: tutiora omnimoda remedia, praeceptionesque optimae: autho",,Francofurti,1603,1603,lat,yes
UBO3831464,ECO.01.0254/08,ECO.01.0254/08,Esoterica,,London,2003,2003,eng,yes
BVEE039751,ECO.01.0727,ECO.01.0727,"\2!: Ars memoriae. Hactenus ab eius primo autore, huiusce secundo quidem in incognito, ita obscure studio tradita, ut legere nedum intelligere quis po",,,1678,1678,lat,yes
BVEE039860,ECO.01.0369,ECO.01.0369,"Traicte' des chiffres, ou Secretes manieres d'escrire: par Blaise de Vigenere, bourbonnois",,A Paris,1587,1587,fre,
RMS2490674,ECO.04.0068,ECO.04.0068,5: L'antichità. Grecia,a cura di Umberto Eco,Milano,2011,2011,ita,
BVEE031853,ECO.01.0419,ECO.01.0419,"P. Gasparis Schotti ... Cursus mathematicus, sive Absoluta omnium mathematicarum disciplinarum encyclopaedia, in libros 28. digesta, ... Accesserunt i",,Herbipoli,1661,1661,lat,yes
BVEE032644,ECO.01.0026,ECO.01.0026,"Marci Ant.nii Vlmi Patauini, ... Physiologia barbae humanae, in tres sectiones diuisa, hoc est de fine illius philosophico, & medico, in quarum prima ",,Bononiae,1601,1601,lat,yes
BVEE035253,ECO.01.0743/1,ECO.01.0743/1,"Ars memoriae, seu potiùs reminiscentiae: noua, eaque maxime perspicua methodo, per loca et imagines, ac per notas et figuras, in manibus positas, trad",,Francofurti,1603,1603,lat,yes
BVEE035522,ECO.01.0365,ECO.01.0365,"Thresor de l'histoire des langues de cest vniuers, contenant les origines, beautez, perfections, decadences, mutations, changements, conuersions, & ru",,A Yverdon,1619,1619,lat,yes
BVEE038708,ECO.02.0028,ECO.02.0028,Il Cretideo del caualier Gio. Battista Manzini. Consecrato all'altezza del ... card. di Sauoia ...,,In Bologna,1637,1637,ita,yes
BVEE022242,ECO.01.0415,ECO.01.0415,"Fasciculus geomanticus, in quo varia variorum opera geomantica continentur. Opuus maximè curiosum, à multis hactenus desideratum, nunc verò magno stud",,Veronae,1687,1687,lat,yes
BVEE031999,ECO.01.0036,ECO.01.0036,"De quatuor signis, quae apparent in vnguibus manuum. Auctore Philippo Finella",,Neap.,1649,1649,lat,yes
BVEE033569,ECO.01.0889,ECO.01.0889,"Petri Gassendi De apparente magnitudine solis humilis et sublimis. Epistolae quatuor. In quibus complura physica, opticaque problemata proponuntur, & ",,Parisiis,1642,1642,lat,
BVEE037193,ECO.01.0192,ECO.01.0192,"Iconologia ouero Descrittione di diuerse imagini cauate dall'antichità, & di propria inuentione, trouate, & dichiarate da Cesare Ripa perugino ... Di ",,In Roma,1603,1603,ita,yes
BVEE042123,ECO.01.0776,ECO.01.0776,"Steganographia: hoc est: ars per occultam scripturam animi sui voluntatem absentibus aperiendi certa. Authore ... Joanne Trithemio, abbate Spanhaimens",,Francofurti,1608,1608,lat,
BVEE042124,ECO.01.0776,ECO.01.0776,\1!,,,,1608,lat,yes
BVEE042125,ECO.01.0776,ECO.01.0776,"\2!: Clauis steganographiae Ioannis Trithemii abbatis Spanheimensis. Ad serenissimum principem Dn. Philippum, comitem Palatinum Rheni, ...",,\Francoforte s. M.!,1608,1608,lat,yes
BVEE033583,ECO.01.0722/4,ECO.01.0722/4,"Schenckelius detectus: seu, Memoria artificialis hactenus occultata, ac amultis quam diu desiderata: nunc primum in gratiam optimarum artium, ac sapie",,Lugduni,1617,1617,lat,yes
BVEE035913,ECO.01.0934,ECO.01.0934,"De secretis libri 17. Ex variis authoribus collecti, methodiceque, digesti, & aucti per Joan. Jacobum Weckerum, ... Accessit index locupletissimus",,Basileae,1642,1642,lat,yes
BVEE039750,ECO.01.0727,ECO.01.0727,"\1!: Gazophylacium artis memoriae, in quo duobus libris omnia & singula ea, quae ad absolutam hujus cognitionem inserviunt, recondita habentur. I. De ",,,1678,1678,lat,yes
RMS2665389,ECO.02.0108,ECO.02.0108,Arcana coelestia,by Emanuel Swedenborg,London,1889-1926,1889,eng,
RMS2665401,ECO.02.0108,ECO.02.0108,"1: Genesis, chapter 1. to chapter 9.",,London,1926,1926,eng,yes
RMS2665445,ECO.02.0108,ECO.02.0108,"7: Genesis, chapter 39. to chapter 43.",,London,1889,1889,eng,yes
RMS2665468,ECO.02.0108,ECO.02.0108,"9: Exodus, chapter 1. to chapter 12.",,London,1895,1895,eng,yes
RMS2665474,ECO.02.0108,ECO.02.0108,"10: Exodus, chapter 13. to chapter 21.",,London,1893,1893,eng,yes
BVEE031071,ECO.02.0154/3,ECO.02.0154/3,La pudicitia schernita di Ferrante Pallauicino,,In Venetia,[1638?],1638,ita,
BVEE032772,ECO.01.0342,ECO.01.0342,"Philosophia pura, qua non solum vera materia, verusque processus lapidis philosophici multò apertiùs, quàm hactenùs ab ullo philosophorum, proponitur;",,Francofurti,1619,1619,lat,yes
BVEE033148,ECO.01.0445,ECO.01.0445,"Symbola aureae mensae duodecim nationum. Hoc est, Hermeae seu Mercurii festa ab heroibus duodenu selectu, artis chymicae vsu, sapientia & authoritate ",,Francofurti: typis Antonij Hummij,1617,1617,lat,yes
BVEE033584,ECO.01.0722/3,ECO.01.0722/3,"Vita M. Tullii Ciceronis in annos distincta, ac in epitomen secundum artem mnemonicam redacta. A D. I. Paëpp Galbaico. Cui adiuncti sunt catalogi pont",,Lugduni,1618,1618,lat,yes
BVEE033585,ECO.01.0722/1,ECO.01.0722/1,"Artificiosae memoriae fundamenta, ex Aristotele, Cicerone, Thoma Aquinate, ... petita, figuris, interrogationibus, ac responsionibus clarius quam vnqu",,Lugduni,1619,1619,lat,yes
BVEE036882,ECO.01.0914,ECO.01.0914,"In astrologos coniectores libri quinque auctore Alexandro de Angelis, in Collegio Romano Societatis Iesu, studiorum praefecto. Secundo prodeunt ab auc",,Romae,1615,1615,lat,yes
BVEE041847,ECO.01.0945/03,ECO.01.0945/03,"Oswaldi Crollii Tractatus, de signaturis internis rerum, seu de vera & viua anatomia maioris & minoris mundi",,,,1643,lat,yes
BVEE027553,ECO.01.0754,ECO.01.0754,"Iul. Pacii Artis Lullianae emendatae libri 4. Quibus docetur methodus, ... ad inueniendum sermonem de quacunque re, ...",,Valentiae,1618,1618,lat,
RMS2489917,ECO.04.0067,ECO.04.0067,4: L'antichità. Grecia,a cura di Umberto Eco,Milano,2011,2011,ita,
BVEE034275,ECO.01.0011/02,ECO.01.0011/02,Della fisonomia di tutto il corpo humano del s. Gio. Battista Della PortaAcc. Linceo libri quattro ne'quali si tratta di quanto intorno a questa mater,,In Roma,1637,1637,ita,
BVEE034791,ECO.01.0650,ECO.01.0650,"Passiones animae per Renatum Des Cartes: Gallicè ab ipso conscriptae, nunc autem in exterorum gratiam Latina civitate donatae ab H.D.M. I.V.L",,Amstelodami,1650,1650,lat,yes
BVEE035258,ECO.01.0743/3,ECO.01.0743/3,"De memoria artificiosa libellus, auctore Iohanne Austriaco. Omnibus cuiuscunque status aut conditionis hominibus, praecipuè verò literarum studiosis, ",,Francofurti,1603,1603,lat,yes
BVEE013487,ECO.01.0733/2,ECO.01.0733/2,"Orus Apollo Niliacus de hieroglyphicis notis, à Bernardino Trebatio Vicentino latinitate donatus",,Venetijs,1538,1538,lat,yes
BVEE002262,ECO.01.0764,ECO.01.0764,"Raimundi Lulii ... De secretis naturae siue Quinta essentia libri duo. His accesserunt, Alberti Magni summi philosophi, De mineralibus & rebus metalli",,Venetijs,1542,1542,lat,yes
BVEE002309,ECO.01.0010,ECO.01.0010,"Io. Bapt. Portae Neapolitani Magiae naturalis libri 20. Ab ipso authore expurgati, superaucti, in quibus scientiarum naturalium diuitiae, & delitiaede",,Neapoli,1589,1589,lat,yes
LO11178516,ECO.01.0821,ECO.01.0821,Divina Commedia,Dante Alighieri,Gorle,2000,2000,ita,
LO11178533,ECO.01.0821,ECO.01.0821,[1!: Divina Commedia,Dante Alighieri,Gorle,2000,2000,ita,yes
BVEE004879,ECO.01.0717,ECO.01.0717,Practica compendiosa artis Raymundi Lul. Explanatio compendiosaque applicatio artis illuminati doctoris magistri Raymundi Lull. ad omnes facultates: p,,,1523,1523,lat,yes
UBO3172879,ECO.01.0482/05,ECO.01.0482/05,Legature povere ma ricche,Giuseppe Solmi studio bibliografico,Ozzano dell'Emilia,[2007?],2007,ita,yes
BVEE007771,ECO.01.0855,ECO.01.0855,"Coelum philosophorum, seu Liber de secretis naturae, per Philippum Vlstadium exvariis autoribus accuratè selectus, variisque figuris illustratus. Nunc",,Lugduni,1557,1557,lat,yes
CAG0603550,ECO.02.0099,ECO.02.0099,2,par Hoene  Wronski,Paris,1847,1847,fre,yes
CAG0603553,ECO.02.0099,ECO.02.0099,3: Resolution generale des equations algebriques de tous les degres; precedee du manifeste historique concernant l'actuelle reforme du savoir humain,par Hoene Wronski,Paris,1847,1847,fre,yes
CAG0603546,ECO.02.0099,ECO.02.0099,"Messianisme, ou reforme absolute du savoir humain; nommement",par Hoene Wronski,Paris,1847,1847,fre,
LO11359220,ECO.04.0080,ECO.04.0080,Costruire il nemico e altri scritti occasionali,Umberto Eco,Milano,2011,2011,ita,
BVEE111398,ECO.01.0696,ECO.01.0696,"De arte rhetorica libri quinque lectissimis veterum auctorum ætatis aureæ, perpetuisque exemplis illustrati; auctore Dominico Decolonia [sic]. Accesse",,Bassani,1795,1795,lat,
RMSE000333,ECO.01.1003,ECO.01.1003,"Th. Burnetii Telluris theoria sacra, originem & mutationes generale orbis nostri, quas aut jam subiit, aut olim subiturus est, complectens. Accedunt a",,Amstelaedami,1699,1699,lat,yes
CAG0068176,ECO.01.0482/04,ECO.01.0482/04,Il libro nel terzo millennio,a cura di Mario Scognamiglio,Milano,2000,2000,ita,yes
RMSE007659,ECO.01.0812,ECO.01.0812,1,,,,1734,lat,yes
RMSE008421,ECO.01.0437,ECO.01.0437,"F. Thomae Campanellæ Calabri Ordin. Praedic. Astrologicorum Libri 7. In quibus astrologia, omni superstitione Arabum, & Judæorum eliminata, physiologi",,Francofurti,1630,1630,lat,yes
RMSE008434,ECO.02.0156,ECO.02.0156,Dissertazione apologetica sul martirio del beato Simone da Trento nell'anno 1475. dagli ebrei ucciso,,In Trento,1747,1747,ita,yes
BVEE111239,ECO.01.0973/03,ECO.01.0973/03,"Roberti Boyle ... Tractatus De cosmicis rerum qualitatibus, [De] cosmicis suspicionibus, [De] temperie subterranearum regionum, [De] fundo maris. Quib",,Amstelodami,1671,1671,lat,yes
RMSE004330,ECO.01.0993,ECO.01.0993,"Decouvertes des francois, en 1768 & 1769, dans le sud-est de la Nouvelle Guinee. ...precedees de l'abrege historique des navigations & des decouvertes",,A Paris,1790,1790,fre,yes
RMSE007658,ECO.01.0812,ECO.01.0812,"Dictionarium historicum, criticum, chronologicum, geographicum, et literale Sacrae Scripturae, cum figuris antiquitates Judaicas repraesentantibus aut",,Venetiis,1734,1734,lat,
RMSE007660,ECO.01.0812,ECO.01.0812,2,,,,1734,lat,yes
RMSE008847,ECO.01.0499,ECO.01.0499,Opuscoli metafisici di Francesco Soave Ch. Reg. Som. regio professore,,Pisa,1814,1814,ita,yes
RMSE008979,ECO.01.0460,ECO.01.0460,<1>: Parite de la vie et de la mort. Dieu nous a donne l'opinion & s'est reserve la science,,,<1771>,1771,fre,yes
RMSE096298,ECO.01.0359,ECO.01.0359,"La langue hébraique restituée, et le véritable sens des mots hébreux rétabli et prouvé par leur analyse radicale. Ouvrage dans lequel on trouve réunis",,A Paris,1815-1816,1815,fre,
CAGE048645,ECO.02.0106,ECO.02.0106,"L'apocalypse révélée, dans laquelle sont découverts les mystères qui y sont prédits, et qui ont été cachés jusqu'a présent ; par Emmanuel Swedenborg .",,A Paris,1823,1823,fre,
UBO4830877,ECO.04.0099,ECO.04.0099,Volume 1 di 2,,Bologna,2023,2023,ita,
CAGE005409,ECO.01.0956,ECO.01.0956,3,,,,1742,fre,yes
CAG1809103,ECO.04.0061,ECO.04.0061,"[2]: Cattedrali, cavalieri, città",,Milano,©2011,2011,ita,
RT1E006013,ECO.01.0471,ECO.01.0471,"Les raisons des forces mouuantes, auec diuerses machines tant vtiles que plaisantes: auquelles sont adjoints plusieurs desseins de grotes & fontaines.",,A Paris,1624,1624,fre,
MIL0918309,ECO.01.1024,ECO.01.1024,Almanach de Gotha,,Gotha,[1868?],1868,ita,yes
CAGE048647,ECO.02.0106,ECO.02.0106,Tome 1,,,,1823,fre,yes
CAGE048649,ECO.02.0106,ECO.02.0106,Tome 2,,,,1823,fre,yes
UBO4830874,ECO.04.0099,ECO.04.0099,Il nome della rosa,"Manara, Eco",Bologna,2023-,2023,ita,
UBO4911438,ECO.04.0101,ECO.04.0101,L'isola del giorno prima,Umberto Eco,[Milano],2025,2025,ita,
LO11439867,ECO.02.0026,ECO.02.0026,Conjuration des Jésuites,par l'abbé Leone,Paris,1848,1848,fre,yes
CAGE005402,ECO.01.0956,ECO.01.0956,"Histoire de la philosophie hermetique. Accompagnée d'un catalogue raisonné des ecrivains de cette science. Avec le Véritable Philalethe, revû sur les ",,A Paris,1742,1742,fre,
CAGE005403,ECO.01.0956,ECO.01.0956,1,,,,1742,fre,yes
CAGE005408,ECO.01.0956,ECO.01.0956,2,,,,1742,fre,yes
RMSE006703,ECO.01.0676/01,ECO.01.0676/01,1,,,,1605,grc,yes
RMSE008957,ECO.01.0645,ECO.01.0645,"Cymbalum mundi, ou Dialogues satyriques sur differens sujets, par Bonaventure des Periers. Avec une lettre critique dans laquelle on fait l'histoire, ",,A Amsterdam,1732,1732,fre,yes
RMSE003261,ECO.01.0271,ECO.01.0271,"Pantometrum Kircherianum, hoc est, instrumentum geometricum novum, a celeberrimo viro P. Athanasio Kirchero ante hac  inventum, nunc decem libris, uni",,[Francoforte sul Meno],1660,1660,lat,yes
CAG0047579,ECO.01.0435/04,ECO.01.0435/04,"Repertorium bibliographicum, in quo libri omnes ab arte typographica inventa usque ad annum 1500",opera Ludovici Hain,Berlin,,    ,lat,
RMSE006705,ECO.01.0676/02,ECO.01.0676/02,"2: Operum Aristotelis tomus 2. librorum Aristotelis qui non extant fragmenta quaedam. Item, indices duo, quorum prior nomina eorum continet qui in Ari",,Aureliae Allobrogum,1605,1605,grc,
BVEE055944,ECO.01.0822,ECO.01.0822,"2: Delle relationi vniuersali di Giouanni Botero benese, parte seconda. Nella quale si tratta de'maggiori prencipi, che siano al mondo, & delle cagion",,In Venetia,1618,1618,ita,yes
BVEE055946,ECO.01.0822,ECO.01.0822,1,,,,1618,ita,yes
BVEE055951,ECO.01.0822,ECO.01.0822,"4: Delle relationi vniuersali di Giouanni Botero benese, parte quarta. Nella quale si tratta delle superstizioni in che viueuano già le genti del mond",,In Venetia,1618,1618,ita,yes
BVEE062268,ECO.01.0107,ECO.01.0107,Fasciculus temporum omnes antiquorum cronicas succincte complectens,,[Parigi],,1512,lat,yes
UBO3947877,ECO.02.0048,ECO.02.0048,Synarchie,Geoffroy de Charnay [i.e. Raoul Husson],Paris,1946,1946,fre,yes
BVEE045189,ECO.01.0781,ECO.01.0781,"Gustavi Seleni Cryptomenytices et Cryptographiae libri 9. In quibus & planissima Stenographiae à Johanne Trithemio, ... magicè & aenigmaticè olim cons",,,1624,1624,lat,yes
BVEE055948,ECO.01.0822,ECO.01.0822,"3: Delle relationi vniuersali di Giouanni Botero benese. Terza parte. Nella quale si tratta de' popoli d'ogni credenza, cattolici, giudei, gentili, & ",,In Venetia,1618,1618,ita,yes
BVEE070255,ECO.01.0438,ECO.01.0438,"F. Thomae Campanellae De sensu rerum et magia, libri quatuor, pars mirabilis occultae philosophiae, vbi demonstratur, mundum esse Dei viuam statuam ..",,Francofurti,1620,1620,lat,yes
BVEE070680,ECO.01.0639,ECO.01.0639,"Francisci Baconis de Verulamnio, ... De dignitate et augmentis scientiarum. Ad regem suum. Libri 9",,Argentorati,1654,1654,lat,yes
BVEE055962,ECO.01.0822,ECO.01.0822,"7: Aggiunta alla quarta parte dell'Indie, del sig. Giouanni Botero benese. Di mostri, & vsanze di quelle parti, e di quei rè con le sue figure al natu",,In Venetia,1618,1618,ita,yes
BVEE070642,ECO.01.1004,ECO.01.1004,"T. Burnetii Telluris theoria sacra, originem & mutationes generales orbis nostri, quas aut olim subiturus est, complectens. Accedunt Archaelogiae phil",,Amstelaedami,1694,1694,lat,yes
BVEE086047,ECO.01.0555/2,ECO.01.0555/2,"De l'universalité de la langue française. Sujet proposé par l'académie de Berlin, en 1785. Par A C. de Rivarol",,A Paris,an cinquiéme de la r,1797,fre,
BVEE051797,ECO.01.0065,ECO.01.0065,L'oceano imboschito in cui  patì funesto naufraggio Emanuel Sosa cavalier portoghese. Dedicato al merito del carissimo amico il signor Antonio Pomerij,,In Parma,1692,1692,ita,yes
LO10911111,ECO.01.0550,ECO.01.0550,The verbalist,by Alfred Ayres,New York,1884,1884,eng,yes
LO11077760,ECO.01.1050,ECO.01.1050,La vera canzona di Beppino,,New York,[dopo il 1904],1904,ita,yes
RMR0314087,ECO.02.0006,ECO.02.0006,Ulysses,by James Joyce,Paris,1924,1924,eng,yes
LO11073821,ECO.02.0035,ECO.02.0035,Catalogue du salon de la Rose-Croix,[Sar Peladan],Paris,1892,1892,fre,yes
BVE0158451,ECO.01.0211,ECO.01.0211,Bibliographical notes on histories of inventions and books of secrets,by John Ferguson,London,stampa 1981,1981,eng,yes
LO10730791,ECO.02.0113,ECO.02.0113,Le diable au 19. siecle ou les mysteres du spiritisme,par le Docteur Bataille,Paris,,    ,fre,
LO10730792,ECO.02.0113,ECO.02.0113,1,,Paris,[1894?],1894,fre,yes
LO10730793,ECO.02.0113,ECO.02.0113,2,,Paris,[1894?!,1894,fre,yes
BVEE006917,ECO.01.0870,ECO.01.0870,"De conseruanda bona valetudine, opusculum Scholæ Salernitanæ, ad regem Angliæ, cum Arnoldi Nouicomensis, ... enarrationibus vtilissimis, nouissime rec",,Venetiis,1573,1573,lat,
RMS0083652,ECO.01.1001,ECO.01.1001,[1],,Paris,1878,1878,fre,yes
RMS0083653,ECO.01.1001,ECO.01.1001,Planches,,Paris,1878,1878,fre,yes
UBO2605658,ECO.01.0254/09,ECO.01.0254/09,La nave dei folli: quattro edizioni a confronto,,[S.l.,2004?],2004,ita,yes
RMRE000045,ECO.01.0635,ECO.01.0635,"Lettre sur les sourds et muets, a l'usage de ceux qui entendent & qui parlent. Adressee a M**, .",,,1751,1751,fre,yes
BVEE013819,ECO.01.0679,ECO.01.0679,"D. Andreae Alciati ... De verborum significatione libri quatuor. Eiusdem, in tractatum eius argumenti ueterum iureconsultorum, commentaria",,Lugduni,1530,1530,lat,yes
BVEE014187,ECO.01.0885,ECO.01.0885,"C. Iulii Solini Polyhistor, rerum toto orbe memorabilium thesaurus locupletisssimus. Huic ob argumenti similitudinem Pomponii Melae De situ orbis libr",,Basileae,1543,1543,lat,yes
BVEE017080,ECO.01.0231,ECO.01.0231,"Dialogo dell'imprese militari et amorose di monsignor Giouio vescouo di Nocera; con vn ragionamento di messer Lodouico Domenichi, nel medesimo soggett",,In Lione,1559,1559,ita,yes
BVEE017264,ECO.03.0059,ECO.03.0059,"Cosmographiae uniuersalis lib. 6. in quibus iuxta certioris fidei scriptorum traditionem describuntur, omnium habitabilis orbis partium situs, propria",,,,1554,lat,yes
BVEE017637,ECO.03.0076,ECO.03.0076,"Isolario di Benedetto Bordone nel qual si ragiona di tutte l'isole del mondo, con li lor nomi antichi & moderni, historie, fauole, & modi del loro viu",,,1534,1534,ita,
NAP0567517,ECO.01.1053,ECO.01.1053,Mercurio historico y politico,,En Madrid,1738-1783,1738,spa,yes
LO10711556,ECO.02.0124,ECO.02.0124,I misteri della frammassoneria,svelati da Leo Taxil,Genova,1888,1888,ita,yes
BVEE012273,ECO.01.0882,ECO.01.0882,"Nicetae Acominati Choniatae, ... 86. annorum historia, uidelicet ab anno restitutae salutis circiter 1117., in quo Zonaras desinit, usque ad annum 120",,Basileae,idibus Augusti [13 V,1557,grc,yes
RMRE001856,ECO.01.0692,ECO.01.0692,Biblioteca degli scrittori sopra la memoria artificiale compilata da Francesco Cancellieri,,[18--],,1815,ita,yes
BVEE012354,ECO.01.0088,ECO.01.0088,Macrobii Aurelii Theodosii viri consularis In Somnium Scipionis libri duo: et septem eiusdem Saturnaliorum,,\Colonia!,1526,1526,lat,yes
BVEE015355,ECO.01.0057,ECO.01.0057,"De naturae diuinis characterismis; seu raris & admirabilis spectaculis, causis, indiciiis, proprietatibus rerum in partibus singulis vniuersi, libri 2",,Antuerpiae,1575,1575,lat,
BVEE015612,ECO.01.0680,ECO.01.0680,Gregorius de Arimino in primo \-secundo! sententiarum nuperrime impressus. Et quam diligentissime sue integritati restitutus. Per venerabilem sacre th,,,,1518,lat,yes
BVEE075796,ECO.01.0594,ECO.01.0594,"Histoire critique du texte du Nouveau Testament, où l'on établit la verité des actes sur lesquels la religion chrêtienne est fondée. Par Richard Simon",,A Rotterdam,1689-1693,1689,fre,
BVEE075797,ECO.01.0594,ECO.01.0594,1,,,1689,1689,fre,yes
BVEE075799,ECO.01.0594,ECO.01.0594,"3: Histoire critique des principaux commentateurs du Nouveau Testament, depuis le commencement du Christianisme jusques à nôtre tems: avec une Dissert",,A Rotterdam,1693,1693,fre,yes
BVEE075798,ECO.01.0594,ECO.01.0594,"2: Histoire critique des versions du Nouveau Testament, où l'on fait connoître quel a été l'usage de la lecture des livres sacrés dans les principales",,A Rotterdam,1690,1690,fre,yes
MIL0913859,ECO.04.0054,ECO.04.0054,A passo di gambero,Umberto Eco,Milano,2016,2016,ita,
SBL0028145,ECO.04.0018,ECO.04.0018,Storia figurata delle invenzioni dalla selce scheggiata al volo spaziale,a cura di Umberto Eco e G. B. Zorzoli,Milano,1961,1961,ita,
BVEE035257,ECO.01.0743/2,ECO.01.0743/2,"Artis memoriae, seu potiùs reminiscentiae, pars secunda: qua ea, quae hactenus de memoria, tam naturali iuuanda, qum artificiosa acquirenda, à doctiss",,Francofurti,1604,1604,lat,
BVEE035277,ECO.01.0457,ECO.01.0457,Mundus alter et idem. Sive Terra Australis antehac semper incognita; longis itineribus peregrini Academici nuperrimè lustrata. Authore Mercurio Britan,,Vltraiecti,1643,1643,lat,yes
BVEE035397,ECO.02.0153,ECO.02.0153,2: Il Corriero sualigiato publicato da Ginifaccio Spironcini ...,,In Villafranca [i.e. Amsterdam],1671,1671,ita,yes
BVEE038567,ECO.01.0203,ECO.01.0203,"Mundus symbolicus, in emblematum universitate formatus, explicatus, et tam sacris, quàm profanis eruditionibus ac sententiis illustratus: ... idiomate",,Coloniae Agrippinae,1694,1694,lat,
RMS2665499,ECO.02.0108,ECO.02.0108,"Index of words, names and subjects in the Heavenly Arcana to which is added on Index to the scripture passages",from the latin of Emanuel Swedenborg,London,1909,1909,eng,yes
BVEE043634,ECO.01.0925,ECO.01.0925,"Francisci Vallesii, De sacra philosophia, siue de iis, quae in libris sacris physicè scripta sunt, liber singularis; cui subiunguntur duo alij, nempe ",,Lugduni,1652,1652,lat,yes
RMSE076164,ECO.01.0767,ECO.01.0767,"Artis kabbalisticae, siue sapientiae diuinae academia; in nouem classes amicissima cum breuitate, tum claritate digesta ...",,Parisiis,1621,1621,lat,yes
BVEE038419,ECO.01.0135,ECO.01.0135,"De' simboli trasportati al morale dal padre Daniello Bartoli della Compagnia di Giesù. Libro primo, e secondo",,In Bologna,[1676?],1676,ita,yes
BVEE042126,ECO.01.0776,ECO.01.0776,"\3!: Clauis generalis triplex in libros steganographicos Iohannis Trithemii abbatis Spanheimensis: ab ipso authore conscripta, et amatoribus huius art",,Darmbstadii,1608,1608,lat,yes
BVEE043360,ECO.01.0575,ECO.01.0575,"Praeadamitae. Sive Exercitatio super versibus duodecim, decimotertio, & decimoquarto, capitis quinti Epistolae D. Pauli ad Romanos. Quibus inducuntur ",,,1655,1655,lat,yes
MIL0913916,ECO.04.0045,ECO.04.0045,Tra menzogna e ironia,Umberto Eco,Milano,2016,2016,ita,
BVE0223041,ECO.01.0185,ECO.01.0185,Sciences secrètes,[A. Ladrague],[Paris: Gutenberg reprint,1980],1980,fre,yes
LO10788447,ECO.01.0218,ECO.01.0218,Histoire des sciences mathematiques en Italie,par Guillaume Libri,Halle,,1865,fre,
LO10788450,ECO.01.0218,ECO.01.0218,3,Guillaume Libri,Halle,1865,1865,fre,yes
LO10788451,ECO.01.0218,ECO.01.0218,4,Guillaume Libri,Halle,1865,1865,fre,yes
LO10788448,ECO.01.0218,ECO.01.0218,1/ Guillaume Libri,,Halle,1865,1865,fre,yes
LO10788449,ECO.01.0218,ECO.01.0218,2,Guillaume Libri,Halle,1865,1865,fre,
CAG0603549,ECO.02.0099,ECO.02.0099,1,par Hoene  Wronski,Paris,1847,1847,fre,yes
UBO4329914,ECO.02.0060,ECO.02.0060,Mission des ouvriers,Saint-Yves d'Alveydre,Paris,1884,1884,fre,yes
BVEE022549,ECO.01.0651,ECO.01.0651,Iulij Cæsaris Vanini Neapolitani ... De admirandis naturæ reginæ deæque mortalium arcanis. Libri quatuor,,Lutetiæ,1616,1616,lat,yes
BVEE022575,ECO.01.0282,ECO.01.0282,"Athanasii Kircheri ... Magnes siue De arte magnetica opus tripartitum, quo praeterquam quod vniuersa magnetis natura, eiusque in omnibus artibus & sci",,Coloniae Agrippinae,1643,1643,lat,yes
BVEE022943,ECO.01.0947/02,ECO.01.0947/02,"Theatrum chemicum, praecipuos selectorum auctorum tractatus de chemiae et lapidis philosophici antiquitate, veritate, iure, praestantia & operationibu",,Ursellis,1602,1602,lat,yes
UBO3264660,ECO.01.0482/24,ECO.01.0482/24,Civilta del circo,Piero Piani,Bologna,2007,2007,ita,yes
BVEE041445,ECO.01.0151,ECO.01.0151,"Electorum symbolorum et parabolarum historicarum syntagmata. Ex Horo, Clemente, Epiphanio & aliis cum notis & obseruationibus. Auctore P. Nicolao Caus",,Parisiis,1618,1618,lat,
RAV0159332,ECO.04.0027,ECO.04.0027,Il Superuomo di massa,Umberto Eco,\s.l.!,\1976!,1976,ita,
CNCE010659,ECO.01.0236,ECO.01.0236,Lo illustre poeta Ceco Dascoli con commento nouamente trouato & nobilmente historiato reuisto & emendato: & da molte incorretioni extirpato: & dal ant,,,,1535,ita,yes
TO01225794,ECO.02.0025,ECO.02.0025,Dialogue aux enfers entre Machiavel et Montesquieu,par un contemporain,Bruxelles,1864,1864,fre,yes
RAV0300207,ECO.01.1068,ECO.01.1068,"Comment on nous vole, comment on nous tue",Eugene Villiod,Paris,1905,1905,fre,yes
CFIE003761,ECO.01.0998,ECO.01.0998,2,,,,1716,fre,yes
CFIE008901,ECO.01.0565/3,ECO.01.0565/3,Novus Prometheus Præadamitarum plastes ad Caucasum relegatus & religatus schediasma Iohannis Henrici Ursini ...,,Francofurti,1656,1656,lat,yes
CFIE009636,ECO.03.0072/01,ECO.03.0072/01,"Philosophiæ magnæ Aureoli Philippi Theophrasti Paracelsi, Heluetij, ab Hohenhaim, philosophorum atque medicorum omnium facilè principis, collectanea q",,Basileæ,,1569,lat,yes
CFIE013350,ECO.01.0315,ECO.01.0315,Mythologiae christianae sive Virtutum & vitiorum vitae humanae imaginum. Libri tres,[Ioh. Valentinus Andreae],Argentorati,[1619],1619,lat,yes
CFIE021825,ECO.01.0940,ECO.01.0940,"Henrici Cor. Agrippae ab Nettesheym De occulta philosophia libri 3. Quibus accesserunt, spurius Agrippae liber de ceremonijs magicis. Heptameron Petri",,Parisiis,1567,1567,lat,yes
CFIE023588,ECO.01.0611,ECO.01.0611,1,,,,1710,fre,yes
CFIE023589,ECO.01.0611,ECO.01.0611,2,,,,1710,fre,yes
CFIE030511,ECO.01.0283,ECO.01.0283,"Dissertations sur l' arche de Noè et sur l' Hemine et la livre de s. Benoist : dans l' une on examine plusieurs questions curieuses, dont la decision ",,A Rouen,1700,1700,fre,yes
CFIE043284,ECO.01.1056,ECO.01.1056,1,,Torino,1830,1830,ita,yes
CFIE043285,ECO.01.1056,ECO.01.1056,2,,Torino,1830,1830,ita,yes
CFIE043290,ECO.01.1056,ECO.01.1056,5,,Torino,1830,1830,ita,yes
CFIE043292,ECO.01.1056,ECO.01.1056,1,,Torino,1830,1830,ita,yes
CFIE043287,ECO.01.1056,ECO.01.1056,1,,Torino,1829,1829,ita,yes
CFIE043289,ECO.01.1056,ECO.01.1056,4,,Torino,1829,1829,ita,yes
CFIE053039,ECO.01.0826,ECO.01.0826,"Museum Wormianum. Seu, Historia rerum rariorum, tam naturalium, quam artificialium; tam domesticarum, quam exoticarum, quae Hafniae Danorum in aedibus",,Lugduni Batavorum,1655,1655,lat,yes
TO01209231,ECO.01.0664,ECO.01.0664,Epicuro,Paolo Mantegazza,Milano,1891,1891,ita,yes
RAV0295085,ECO.02.0037,ECO.02.0037,De l'androgyne,Peladan,Paris,1910,1910,fre,yes
RAV0297938,ECO.02.0031,ECO.02.0031,La magie au dix-neuviéme siécle,par le chevalier Gougenot des Mousseaux,Paris,1864,1864,fre,yes
CFIE043286,ECO.01.1056,ECO.01.1056,3,,Torino,1830,1830,ita,yes
CFIE043288,ECO.01.1056,ECO.01.1056,2,,Torino,1829,1829,ita,yes
CFIE043291,ECO.01.1056,ECO.01.1056,6,,Torino,1830,1830,ita,yes
CNCE007841,ECO.02.0015,ECO.02.0015,Descrizione delle felicissime nozze della cristianissima maestà di madama Maria Medici regina di Francia e di Nauarra. Di Michelagnolo Buonarroti,,In Firenze,1600,1600,ita,
TO00994608,ECO.01.0225,ECO.01.0225,Vol. 1,Carlo A-Valle,Torino,1853,1853,ita,yes
RAV0260780,ECO.01.0535,ECO.01.0535,AVM (AUM),G. D'Amato,Genova,1913,1913,ita,
RAV0321149,ECO.02.0085,ECO.02.0085,La decadence latine. Ethopee,Josephin Peladan,Paris,,    ,fre,
RAV1206905,ECO.02.0050,ECO.02.0050,Les sectes et sociétés secrètes politiques et religieuses,Par J. H. E. Comte Le Couteulx De Cantelu,Paris,1863,1863,fre,yes
TO01635432,ECO.02.0123,ECO.02.0123,Le Juif errant,par Eugène Süe,Bruxelles,,1846,fre,
TO01635433,ECO.02.0123,ECO.02.0123,1,par Eugene Sue,Bruxelles,1846,1846,fre,yes
TO01635434,ECO.02.0123,ECO.02.0123,2,par Eugene Sue,Bruxelles,1846,1846,fre,yes
TO01635435,ECO.02.0123,ECO.02.0123,3,par Eugene Sue,Bruxelles,1846,1846,fre,yes
RAV1353641,ECO.01.0482/11,ECO.01.0482/11,The art of memory,Bernard Quaritch Ltd.,London,2004,2004,eng,yes
LIGE006474,ECO.01.0503,ECO.01.0503,"Synopsis universæ philologiæ, in qua: miranda unitas et harmonia linguarum totius orbis terrarum occulta, e literarum, syllabarum, vocumque natura & r",,Norimbergae,1741,1741,lat,yes
RAVE035524,ECO.01.0628,ECO.01.0628,"Cours d'instruction d'un sourd-muet de naissance, pour servir a l'éducation des sourds-muets ... Avec figures et tableaux. Par Roch-Ambroise Sicard..",,A Paris,An VIII [i.e. 1800],1800,fre,yes
RAVE076150,ECO.01.0707,ECO.01.0707,"Memoria technica, or A new method of artificial memory, applied to and exemplified in chronology, geography, history, astronomy. Also Jewish, Grecian ",,London,1730,1730,eng,yes
RAVE077335,ECO.01.0113,ECO.01.0113,"Ars oratoria, Ars epistolandi. Suprascriptiones epistolarum, et Ars memoratiua Jacobi Publicij Florentini",,,,1490,lat,yes
TO0E011869,ECO.01.0585,ECO.01.0585,"Origine della lingua fiorentina, altrimenti il Gello di m. Pierfrancesco Giambullari accademico fiorentino",,In Fiorfnza [!],1549,1549,ita,
CUB0519016,ECO.01.0254/35,ECO.01.0254/35,Studi sul concettismo,Mario Praz,Milano,stampa 1934,1934,ita,yes
TO0E012452,ECO.01.0265,ECO.01.0265,1,,,,1769,fre,yes
TO0E012453,ECO.01.0265,ECO.01.0265,2,,,,1769,fre,yes
TO0E012797,ECO.01.0330,ECO.01.0330,De' ragguagli di Parnaso del signor Trajano Boccalini romano. Centuria prima [-seconda],,In Amsterdam,1669,1669,ita,
TO0E012800,ECO.01.0330,ECO.01.0330,2,,,,1669,ita,yes
TO0E012802,ECO.01.0330,ECO.01.0330,"3: Aggiunta a' Ragguagli di Parnaso del signor Trajano Boccalini romano, intitolata Parte terza. Nella quale si contengono cinquanta Ragguagli, & un s",,,[1669],1669,ita,yes
TO0E013277,ECO.02.0153,ECO.02.0153,"Opere scelte di Ferrante Pallauicino, cioè, Il Diuortio celeste. Il Corriero sualiggiato. La Baccinata. Dialogo trà due soldati del Duca di Parma. La ",,In Villafranca [i.e. Amsterdam],1671,1671,ita,
TO0E015722,ECO.01.0079,ECO.01.0079,"Le Pimandre de Mercure trismegiste de la philosophie chrestienne, cognoissance du verbe diuin, & de l'excellence des oeuures de Dieu, traduit de l'exe",,A Bourdeaux,1579,1579,fre,yes
TO0E022156,ECO.01.0461,ECO.01.0461,"Des erreurs et de la vérité, ou Les hommes rappellés au principe universel de la science ... Par un Ph. ... Inc. ...",,A Edimbourg [i.e. Lione!,1775,1775,fre,yes
TO0E026494,ECO.01.0095,ECO.01.0095,"Somniorum synesiorum, omnis generis insomnia explicantes, libri 4. Per Hieronymum Cardanum Mediolanensem medicum ac philosophum. Quibus accedunt, eius",,Basileæ,,1562,lat,yes
TO0E002556,ECO.01.0670,ECO.01.0670,"Dieci libri di pensieri diuersi d'Alessandro Tassoni, ne' quali per via di quisiti con nuoui fondamenti, e ragioni si trattano le più curiose materie ",,In Venetia,1627,1627,ita,yes
TO0E003050,ECO.01.0412,ECO.01.0412,"Caesaris Aeuoli Neapolitani De diuinis attributis, quae Sephirot ab Hebræis nuncupantur. ... Eiusdem. De causis antipathiæ & sympathiæ rerum naturaliu",,Venetiis,1589,1589,lat,yes
CUB0459707,ECO.01.0804,ECO.01.0804,L'inferiorità mentale della donna,P.J. Moebius,Torino,1904,1904,ita,yes
TO0E006239,ECO.02.0121,ECO.02.0121,La Divina Commedia di Dante Alighieri con comento analitico di Gabriele Rossetti. In sei volumi. Vol. 1. [-2.],,Londra,1826-1827,1826,ita,
TO0E006242,ECO.02.0121,ECO.02.0121,2,,Londra,1826-1827,1827,ita,yes
TO0E009678,ECO.02.0133,ECO.02.0133,"L'espion dans les cours des princes chretiens, ou Lettres et memoires d'un envoyé secret de la Porte dans les cours de l'Europe ... Par +.+.+. Tome pr",,A Cologne,1700,1700,fre,
TO0E009680,ECO.02.0133,ECO.02.0133,1,,,,1700,fre,yes
TO0E009682,ECO.02.0133,ECO.02.0133,2,,,,1700,fre,yes
TO0E009685,ECO.02.0133,ECO.02.0133,4,,,1700,1700,fre,yes
TO0E012799,ECO.01.0330,ECO.01.0330,1,,,,1669,ita,yes
TO0E016129,ECO.01.0474,ECO.01.0474,La vie de monsieur Des-Cartes,\A.B.!. Premiere (-seconde) partie,A Paris,1691,1691,fre,
TO0E008404,ECO.01.0449,ECO.01.0449,Th. Campanella De monarchia Hispanica,,Amsterodami,1641,1641,lat,yes
CUB0413311,ECO.01.0083,ECO.01.0083,Giovanni Pico della Mirandola e la cabala,del padre Giuseppe Oreglia di S. stefano,Mirandola,1894,1894,ita,yes
TO0E004686,ECO.01.1059,ECO.01.1059,"Delle opere di Gabbriello Chiabrera, in questa ultima impressione tutte in un corpo novellamente unite ... Tomo primo [-quarto]",,In Venezia,1730-1731,1730,ita,
MIL0777441,ECO.02.0166,ECO.02.0166,Le serpent de la Genése,par Stanislas de Guaita,Paris,[191.],1915,fre,
TO0E010532,ECO.01.0243,ECO.01.0243,"Guillelmi Postelli De vniuersitate libri duo: in quibus astronomiæ, doctrinæve cœlestis compendium. Reliqua quæ hisce libris continentur, pagina terti",,Lugduni Batauorum,1635,1635,lat,yes
TO0E012443,ECO.01.0265,ECO.01.0265,[1!: Volume de théologie,"par Guillaume-François De Bure, le jeune ...",A Paris,1763,1763,fre,yes
TO0E012451,ECO.01.0265,ECO.01.0265,"Supplement a la bibliographie instructiue, ou Catalogue des liures du cabinet de feu m. Louis Jean Gaignat, ... Disposé & mis en ordre par Guill. Fran",,A Paris,1769,1769,fre,
TO0E012670,ECO.01.0633,ECO.01.0633,"Traité de la formation méchanique des langues, et des principes physiques de l'étymologie. Tome premier [-second]",,A Paris,1765,1765,fre,
TO0E015881,ECO.01.0983,ECO.01.0983,"Opera chirurgica Ambrosij Paraei, Galliarum regis primarij, et Parisiensis chirurgi. Quibus continentur, non solum perfectissima curandi ratio tumores",,Francofurti ad Moenum,1594,1594,lat,yes
TO0E016403,ECO.02.0002,ECO.02.0002,"Les soirées de Saint-Pétersbourg, ou Entretiens sur le gouvernement temporel de la Providence: suivis d'un Traité sur les sacrifices; par m. le comte ",,Paris,1821,1821,fre,
TO0E016405,ECO.02.0002,ECO.02.0002,1,,,,1821,fre,yes
TO0E016406,ECO.02.0002,ECO.02.0002,2,,,,1821,fre,yes
RAVE046665,ECO.01.0654,ECO.01.0654,"Continuation des pensées diverses, ecrites à un docteur de Sorbonne, à l'occasion de la comete qui parut au mois de decembre 1680, ou Reponse à plusie",,A Amsterdam,1736-1737,1736,fre,
RAVE053535,ECO.01.0495/01,ECO.01.0495/01,Traité de l'ame des betes avec des reflexions phisiques et morales par M. l'Abbé M***,,A Paris,1737,1737,fre,yes
LO10147969,ECO.02.0070,ECO.02.0070,Il mondo secreto,G. De Castro,Milano,1864,1864,ita,
LO10228277,ECO.01.1081,ECO.01.1081,Il conte di Cavour,ricordi di Michelangelo Castelli,Torino,1886,1886,ita,yes
RAVE061889,ECO.01.0665,ECO.01.0665,Degli elementi di Euclide gli otto libri geometrici per istruzione della gioventù nel Collegio militare di Verona,,In Verona,1775,1775,ita,yes
RAVE076117,ECO.01.0766,ECO.01.0766,"The art of memory, a treatise useful for such as are to speak in publick",by Marius D'Assigny ...,London,1697,1697,eng,yes
MOD1568976,ECO.01.0911,ECO.01.0911,4,par Dupuis,Paris,1835,1835,fre,yes
MOD1568979,ECO.01.0911,ECO.01.0911,6,par Dupuis,Paris,1835,1835,fre,yes
MOD1568981,ECO.01.0911,ECO.01.0911,7,par Dupuis,Paris,1835,1835,fre,yes
RAVE004389,ECO.01.0038,ECO.01.0038,"De coniectandis cuiusque moribus et latitantibus animi affectibus semeiōtikē moralis, seu de Signis Scipioni Claramontii Caesenatis. ...",,Venetiis,1625,1625,lat,yes
MOD1556946,ECO.04.0059,ECO.04.0059,Vertigine della lista,Umberto Eco,[Milano],2009,2009,ita,
TO02047226,ECO.02.0038,ECO.02.0038,Introduction aux sciences occultes,Péladan,Paris,[s.d.],1900,fre,
MOD1568990,ECO.01.0911,ECO.01.0911,Atlas,par Dupuis,Paris,1835,1835,fre,yes
RAVE002404,ECO.01.0066,ECO.01.0066,Della geografia trasportata al morale del padre Daniello Bartoli della Compagnia di Giesu,,In Bologna,1669,1669,ita,yes
RAV2038388,ECO.04.0085,ECO.04.0085,Come viaggiare con un salmone,Umberto Eco,Milano,2016,2016,ita,
LIGE005902,ECO.01.0101,ECO.01.0101,Liber quadripartiti Ptolomaei id est quattuor tractatuum: in radicanti discretione per stellas de futuris et in hoc mundo constructionis et destructio,,,,1484,lat,yes
LIGE006107,ECO.01.0916,ECO.01.0916,"Analyse raisonnée de l'origine de tous les cultes, ou Religion universelle; ouvrage publié en l'an 3., par Dupuis, citoyen français",,A Paris,An 12.=1804,1804,fre,yes
LIGE009402,ECO.01.0096,ECO.01.0096,"Hieronymi Cardani ... De subtilitate libri 21. Ad illustriss. principem Ferrandum Gonzagam, Mediolanensis prouinciæ præfectum",,Parisiis,in monte D. Hylarii ,1550,lat,yes
LIGE009421,ECO.01.0995,ECO.01.0995,"Le secret du flux et reflux de la mer, et des longitudes, dedié a la Sapience eternelle, par m. Cesar D'Arcons aduocat au Parlement de Bourdeaux ...",,A Rouen,1655,1655,ita,yes
RAVE046049,ECO.01.0654,ECO.01.0654,2,,,,1722,fre,yes
RAVE075327,ECO.01.0459/2,ECO.01.0459/2,R. D. Caroli Musitani ... Ad Had. a Mynsicht medici Germanici præstantissimi Thesaurum et armamentarium medico-chymicum mantissa. Quæ locupletiori pen,,Genevæ,1701,1701,lat,yes
RAVE076388,ECO.01.0708,ECO.01.0708,"Mnemonics delineated, in a small compass and easy method for the better enabling to remember what is most frequently wanted and most difficultly retai",,,1737,1737,eng,yes
SGEE001055,ECO.01.0459/1,ECO.01.0459/1,Hadriani a Mynsicht ... Thesaurus et armamentarium medico-chimicum. In quo selectissimorum contra quosvis morbos pharmacorum conficiendorum secretissi,,Genevae,1697,1697,lat,yes
MILE062284,ECO.01.0049,ECO.01.0049,"Polydori Vergilii Vrbinatis praesbyteri Prouerbiorum liber, quo paroemiae insigniores omnium fere scriptorum luculentissima enarratione explicantur ..",,[Strasburgo,,1511,lat,yes
MILE062287,ECO.01.0050,ECO.01.0050,"Enseignemens de physionomie et chiromancie. Monstrans par le regard du visage, signes de la face & lignes de la main, les mœurs & complexions des homm",,A Paris,[1638],1638,fre,yes
MILE062288,ECO.01.0051,ECO.01.0051,"Chyromantia del Tricasso da Ceresari Mantuano, ingeniosamente extratta  da i libri de Aristotile et altri philosophi naturali",,,1546,1546,ita,yes
MILE062418,ECO.01.0306,ECO.01.0306,Epistola Ad Illvstrem ac Reuerendam Fraternitatem Rosae Crvcis,,Francofurti,1615,1615,lat,yes
MILE062420,ECO.01.0295,ECO.01.0295,"Speck auff der Fall  das ist: List und Betruch der Newentstandnen Bruderschafft, oder Fraternitet dern Vom Rosencreutz : mit welchem sie, durch Verhei",,[S.l.,1618,1618,ger,yes
MILE062430,ECO.01.0313,ECO.01.0313,"The fame and confession of the fraternity of R. C. commonly, of the Rosie Cross. With a præface annexed thereto, and a short declaration of their phys",,London,1652,1652,eng,yes
MILE062459,ECO.01.0320/01,ECO.01.0320/01,Wolmeinendes Bedencken Von der Fama unnd Confession der Brüderschafft dess RosenCreützes : eine Universal Reformation und Umbkehrung der gantzen welt ,,Gedruckt zu Erffurdt bey Johann Röhbock,1616,1616,ger,yes
MILE062462,ECO.01.0320/02,ECO.01.0320/02,Pyrrho Clidensis Redivivus. Das ist Philosophisch doch noch zur zeit nichts determinirente Consideration Von der Hochberühmbten newen Brüderschafft de,,Leipzig,1616,1616,ger,yes
MILE062467,ECO.01.0250/3,ECO.01.0250/3,Elucidarius Chymicus. Oder Erleuchterung und deutliche Erklerung was die Fama fraternitatis vom Rosencreutz für Chymische Secreta de lapide Philosopho,,Lüneburgk,1616,1616,ger,yes
MILE062480,ECO.01.0327,ECO.01.0327,Missiv an die Hocherleuchtete Brüderschaft des Ordens des Goldenen und Rosenkreutzes : lux in cruce et crux in luce; wegen seiner grossen Seltenheit u,,Leipzig,1783,1783,ger,yes
MILE062493,ECO.01.0333,ECO.01.0333,Tintinabulum Sophorum Oder Fernere gründliche entdeckung der gotseligen gesegneten Brüderschafft dess löblichen Ordens dess Rosencreutzes ... : Mehrer,,[S.l.],1619,1619,ger,yes
MILE062494,ECO.01.0334,ECO.01.0334,Raptus Philosophicus das ist Philosophische Offenbarungen gantz Simpel und Einfältig gestellet und an die Hoch-Löbliche und berühmte Fraternitet R. C.,,[S.l.],1619,1619,ger,yes
MILE062524,ECO.01.0364,ECO.01.0364,"Sphaera infernalis mystica ex arithmologia ac metrologia sacra et repraesentata et demonstrata : Das ist Höllisches Spinnenrad, Darinnen das Geheimnis",,Franckfurt am Mayn,1740,1740,ger,yes
MILE062525,ECO.01.0367,ECO.01.0367,"Curiositez inouyes, sur la sculpture talismanique des Persans horoscope des patriarches et lecture des estoilles par M. J. Gaffarel",,A Roven,1631,1631,fre,yes
MILE062580,ECO.01.0485,ECO.01.0485,Neue auf Vernunft und Erfahrung gegründete Entdeckungen über die Sprache der Thiere  Von Gottfried Immanuel Wenzel,,Wien,1800,1800,ger,yes
MILE062587,ECO.01.0513,ECO.01.0513,"Palais de soixante-quatre fenêtres, [voyez la figure, page 55.] Ces fenêtres éclairent un dictionnaire universel qui est à la suite de ce magnifique p",,A Petersbourg,1788,1788,fre,yes
MILE062594,ECO.01.0540,ECO.01.0540,Tome premier,,,1729,1779,fre,yes
MILE062595,ECO.01.0540,ECO.01.0540,Tome second,,,1779,1779,fre,
MILE062603,ECO.01.0552,ECO.01.0552,"Les élémens primitifs des langues : découverts par la comparaison des racines de l'hébreu avec celles du grec, du latin et du françois : ouvrage dans ",,A Paris,1764,1764,fre,yes
MILE062604,ECO.01.0558,ECO.01.0558,Pasilogie ou de la musique considérée comme langue universelle ... par Anne-Pierre-Jacques de Vismes,,Paris,1806,1806,fre,yes
MILE062609,ECO.01.0571/02,ECO.01.0571/02,Berosi et alorum eius argumenti autorum de chronologica priscae memoriae historia tomus alter. Cuis scriptores ... pagina indicabit Apodeixis.,,Lugduni,1554,1554,lat,yes
MILE062622,ECO.01.0579,ECO.01.0579,L'harmonie etymologique des langues. En laquelle par plusieurs antiquitez & etymologies de toute sorte ... de l'hebraique.  Par m.e Estienne Guichard,,A Paris,1610,1610,fre,yes
MILE062637,ECO.01.0109,ECO.01.0109,Liber phisionomie magistri Michaelis Scoti,,[,1490],1490,lat,yes
MILE062982,ECO.01.1022,ECO.01.1022,"Les hermites en prison, ou Consolations de Sainte-Pelagie. Par E. Jouy, membre de l'Institut, et A. Jay; ornes du portrait des auteurs, et de deux gra",,Bruxelles,1823,1823,fre,
MILE063003,ECO.01.1045,ECO.01.1045,Almanach des muses 1790,,A Paris,1790,1790,fre,yes
MILE063011,ECO.01.1056,ECO.01.1056,3,,Torino,1829,1829,ita,yes
MILE063012,ECO.01.1061,ECO.01.1061,"Theologia moralis universa, complectens omnia morum præcepta, & principia decisionis omnium conscientiæ casuum, suis quæque momentis stabilita, ad usu",,Romæ,1757,1757,lat,
MILE063013,ECO.01.1061,ECO.01.1061,Pars prima,,,1757,1757,lat,yes
MILE063018,ECO.01.1086,ECO.01.1086,Lettres d'une peruvienne ...  Partie premiere [-second],,A Paris,1752,1752,fre,
MILE063020,ECO.01.1086,ECO.01.1086,1,,,1752,1752,fre,yes
MILE063022,ECO.01.0143,ECO.01.0143,Annus dierum sanctorum. Delectabar per singulos dies. Prov. S,,[Augusta Vindelicorum],,1750,lat,yes
MILE063023,ECO.01.1100,ECO.01.1100,Der Freidenker in der Maurerei oder Freimüthige Briefe über wichtige Gegenstände in der Frei-Maurerei,,Berlin,1793,1793,ger,yes
MILE063025,ECO.01.0009,ECO.01.0009,2,,,,1784,ger,
MILE063026,ECO.01.0165,ECO.01.0165,Symbolorum et emblematum ex re herbaria desumtorum centuria una collecta a Ioachimo Camerario medico Norimberg. In quibus rariores Stirpium pro prieta,,,[Norimberga] 1590,1590,lat,
MILE063040,ECO.02.0027,ECO.02.0027,3,,,1823,1823,eng,yes
MILE063043,ECO.02.0046,ECO.02.0046,"De Conventu Generali Latomorum apud aquas Wilhelminas, prope Hanauviam. Oratio",,[S.l.,1782],1782,fre,yes
MILE063046,ECO.01.0343,ECO.01.0343,De signatura rerum : das ist Bezeichnung aller dingen wie das Innere vom eusseren bezeichnet wird. Beschrieben im jahr nach Christi Geburt 1622. Durch,,,[1635],1635,ger,yes
MILE063050,ECO.02.0092,ECO.02.0092,Apologie der Illuminaten,,Frankfurth und Leipzig,1786,1786,ger,yes
MILE063053,ECO.02.0101,ECO.02.0101,Tome second,,,1799,1799,fre,yes
MILE063084,ECO.03.0022/02,ECO.03.0022/02,"Hermetico-Spagyrisches Lustgärtlein : Darinnen Hundert vnd Sechtzig vnterschiedliche, schöne, kunstreiche, chymico-sophische emblemata, oder geheymnuß",,Franckfurt am Mayn,1625,1625,ger,yes
MILE063091,ECO.03.0022/03,ECO.03.0022/03,"Cabala, Spiegel der Kunst und Natur in Alchymia. Was der weisen uralte Stein doch für ein ding sey der da dreyfach und nur ein Stein ist ... durch die",,Augspurg,1663,1663,ger,
MILE063094,ECO.01.0791/04,ECO.01.0791/04,"Entwurf Vergleichs Einer Hochansehnlichen Kayserlichen Subdelegations-Commission, Zwischen Dem Magistrat Der Kayserl. und Heil. Reichs-Stadt Franckfur",,,,1714,ger,yes
MILE063095,ECO.01.0791/02,ECO.01.0791/02,"Decretum Commissionis, Wie solches Von denen Kayserlichen Herren Commissariis, Ihro Churfürstlichen Gnaden zu Mayntz und Hochfürstlichen Durchlaucht z",,,,1750,ger,yes
MILE063096,ECO.01.0791/03,ECO.01.0791/03,"Abschieds-Puncten Zwischen Einem Ehrsamen Rath und Burgerschafft der Stadt Franckfurt am Mayn, Wie solche Durch die Von Röm. Kayserlicher Majestät, Ve",,,,1720,ger,yes
MILE063141,ECO.01.0943/01,ECO.01.0943/01,"Sechster Theil Der Bücher und Schrifften des Edlen Hochgelehrten vnd Bewehrten Philosophi vnnd Medici, Philipi Theophrasti Bombast von Hohenheim Parac",,Getruckt zu Basel,1590,1590,ger,yes
MILE063144,ECO.01.1091,ECO.01.1091,"Ueber Jesuiten, Freymaurer und deutsche Rosenkreutzer.  Herausgegeben von Joseph Aloisius Maier, der Gesellschaft Jesu ehemaligen Mitgliede",,,1781,1781,ger,yes
RAVE046033,ECO.01.0654,ECO.01.0654,"Pensées diverses ecrites à un docteur de Sorbonne, a l'occasion de la comete qui parut au mois de decembre 1680 par mr. Bayle. Tome premier (- second)",,A Amsterdam,1722,1722,fre,
RAVE046048,ECO.01.0654,ECO.01.0654,1,,,,1722,fre,yes
RAV2142623,ECO.04.0095,ECO.04.0095,Filosofi in libertà,Umberto Eco,Milano,2022,2022,ita,
TO02020610,ECO.02.0058,ECO.02.0058,4: Espagne,par M. Emile Marco de Saint-Hilaire,Paris,1849,1849,fre,
NAPE011495,ECO.01.0132,ECO.01.0132,Considerazioni cristiane sopra i novissimi del cavaliere march. Valerio Ciccolini Silenzj patrizio maceratese dedicate ai suoi concittadini,,Roma,1816,1816,ita,
UBOE084958,ECO.01.0387,ECO.01.0387,"Viridarium reformatum, seu Regnum vegetabile, das ist Neu-eingerichtetes und vollstandiges Krauter-Buch, worinnen auff noch nicht geschehene Weise der",,Franckfurth am Mayn,1719,1719,ger,
MUS0044454,ECO.01.0422,ECO.01.0422,Tomus 2,,Romae,1650,1650,fre,yes
MUS0044455,ECO.01.0422,ECO.01.0422,1: Tomus 1,,,,1650,lat,yes
MUS0118998,ECO.01.0422,ECO.01.0422,Athanasii Kircheri fuldensis e Soc. Iesu presbyteri Musurgia universalis sive Ars magna consoni et dissoni in 10. libros digesta. Qua vniuersa sonorum,,Romae,1650,1650,lat,
MOD1674360,ECO.04.0086,ECO.04.0086,Sulle spalle dei giganti,Umberto Eco,Milano,2017,2017,ita,
TO0E004689,ECO.01.1059,ECO.01.1059,"1: Tomo primo contenente le canzoni eroiche, le lugubri, le morali, e le sagre ...",,In Venezia,1730,1730,ita,yes
TO0E006241,ECO.02.0121,ECO.02.0121,1,,Londra,1826-1827,1826,ita,yes
TO0E006584,ECO.01.0860,ECO.01.0860,Coelum philosophorum seu de secretis naturae liber Philippo Ulstadio patricio Nierenbergensi authore,,,,1526,lat,yes
TO0E009684,ECO.02.0133,ECO.02.0133,3,,,1700,1700,fre,yes
MODE016628,ECO.01.0684/01,ECO.01.0684/01,"Ioan. Eckii theologi In Summulas Petri Hispani extemporaria et succincta, sed succosa explanatio per superioris Germaniae scholasticis",,,,1516,lat,yes
MODE017143,ECO.02.0146,ECO.02.0146,"L' insuffisance de la religion naturelle, prouvee par les verites contenues dans les livres de l'Ecriture sainte; avec des Dissertations sur la Versio",,A Liege,1770,1770,fre,
MODE017144,ECO.02.0146,ECO.02.0146,1,,,17770,1770,fre,yes
MODE017359,ECO.01.0024,ECO.01.0024,Scoperta della chironomia ossia dell'arte di gestire con le mani dell'abate Vincenzo Requeno acc. clem,,Parma,1797,1797,ita,yes
MODE018154,ECO.01.0201,ECO.01.0201,La doctrine des moeurs. Tiree de la philosophie des Stoiques: representee en cent tableaux. Et expliquee en cent discours pour l'instruction de la ieu,,A Paris,1646,1646,fre,yes
MODE033833,ECO.01.0194,ECO.01.0194,"Amoris diuini emblemata, studio et aere Othonis Vaeni concinnata",,Antuerpiae,1660,1660,lat,yes
MODE051000,ECO.01.0071/02,ECO.01.0071/02,2,,,,1744,fre,yes
MODE051001,ECO.01.0071/01,ECO.01.0071/01,1,,,,1744,fre,yes
RAV2150020,ECO.04.0089,ECO.04.0089,Sull'arte,Umberto Eco,Milano,2022,2022,ita,
TO0E007976,ECO.02.0152,ECO.02.0152,Il Giuseppe di Ferrante Pallavicini. Tra gl'Incogniti di Venetia Accademico occulto. Libri quattro ...,,In Venetia,1637,1637,ita,yes
MOD1707629,ECO.04.0002,ECO.04.0002,Il nome della rosa,Umberto Eco,Milano,2020,2020,ita,
NAP0012418,ECO.01.0879/01,ECO.01.0879/01,Archivio storico civico e Biblioteca Trivulziana,[a cura di] Giulia Bologna,Milano,1985,1985,ita,yes
MILE031865,ECO.01.0488,ECO.01.0488 ; ECO.01.0495/02,Amusement philosophique sur le langage des bestes,,A Paris,1739,1739,fre,yes
MILE063134,ECO.01.0941,ECO.01.0941 ; ECO.01.0941/01,"Henrici Cornelii Agrippæ ab Nettesheym armatæ militiæ equitis aurati, et juris utriusque ac medicinæ doctoris, Opera, in duos tomos concinne digesta, ",,"Lugduni, per Beringos fratres.",,1630,lat,
BVEE046765,ECO.01.0386,ECO.01.0386 ; ECO.01.0392,"Utriusque cosmi maioris scilicet et minoris metaphysica, physica atque technica historia in duo volumina secundum cosmi differentiam diuisa. Authore R",,Oppenhemii,1617 [i.e. Francofor,1624,lat,
MILE062608,ECO.01.0571/01,ECO.01.0571/01 ; ECO.01.0571/02,"Berosi Chaldæi Sacerdotis Reliquorumque consimilis argumenti autorum, de antiquitate Italiæ, ac totius orbis, cum F. Ioan. Annij Viterbensis theologi ",,Lugduni,1554,1554,lat,yes
MILE063135,ECO.01.0941,ECO.01.0941 ; ECO.01.0941/01,1.,,,,1630,fre,yes
PUVE021882,ECO.01.0593,ECO.01.0593,"Johannis Wallis, S.T.D. geometriae professoris Saviliani, in celeberrima Academia Oxoniensi ... Grammatica linguae Anglicanae. Cui praefigitur, de loq",,Oxoniae,1674,1674,lat,yes
VEAE038413,ECO.01.0632,ECO.01.0632,"Institution des sourds et muets, par la voie des signes methodiques; ouvrage qui contien le projet d'une langue universelle, par l'entremise des signe",,A Paris,1776,1776,fre,yes
PAR0851523,ECO.02.0162/4,ECO.02.0162/4,2,Eugene Sue,Bruxelles,1848,1848,fre,yes
NAPE029117,ECO.01.0067,ECO.01.0067,"Le chef d'oeuvre d'un inconu. Poëme heureusement découvert & mis au jour, avec des remarques savantes & recherchées. Par M. le docteur Chrisostome Mat",,A La Haye,1716,1716,fre,yes
NAPE030227,ECO.01.0239,ECO.01.0239,"Absconditorum à constitutione mundi clavis, quâ mens humana tam in divinis, quàm in humanis pertinget ad interiora velaminis aeternae veritatis. Guili",,Amsterodami,1646,1646,lat,yes
UBOE039738,ECO.01.0061,ECO.01.0061,1,,,,1734,lat,yes
UBOE039742,ECO.01.0061,ECO.01.0061,2,,,,1734,lat,yes
PUVE019456,ECO.01.0931,ECO.01.0931,Stratagematum Satanæ libri octo Iacobo Acontio authore,,Amstelaedami,1652,1652,lat,yes
MIL1077033,ECO.02.0162/3,ECO.02.0162/3,1,par Eugène Sue,Bruxelles,,1848,fre,
MIL1077035,ECO.02.0162/3,ECO.02.0162/3,3,par Eugéne Sue,Bruxelles,1848,1848,fre,
PUVE004100,ECO.01.0561,ECO.01.0561,"Histoire naturelle de la parole, ou Précis de l'origine du language & de la grammaire universelle. Extrait du Monde primitif par m. Court de Gebelin",,A Paris,1776,1776,fre,yes
CFI0470538,ECO.02.0162/1,ECO.02.0162/1,1,par Eugène Sue,Bruxelles,1848,1848,fre,yes
CFI0470542,ECO.02.0162/2,ECO.02.0162/2,3,par Eugène Sue,Bruxelles,1848,1848,fre,yes
CFI0470540,ECO.02.0162/1,ECO.02.0162/1,2,par Eugène Sue,Bruxelles,1848,1848,fre,yes
PUVE023351,ECO.01.0156,ECO.01.0156,"De symbolica Aegyptiorum sapientia, in qua symbola, parabolae, historiae selectae, quae ad omnem emblematum, aenigmatum. Hieroglyphicorum cognitionem ",,Coloniæ Agrippinæ,1623,1623,lat,yes
SIPE013278,ECO.01.0167,ECO.01.0167,"2: Del trattato dell'imprese di Giulio Cesare Capaccio, libro secondo. Oue mentre delle molte qualità di ieroglifici si tratta, e dell'imprese che da ",,In Napoli,1592,1592,ita,yes
SIPE013279,ECO.01.0167,ECO.01.0167,"3: Del trattato dell'imprese di Giulio Cesare Capaccio, libro terzo. Oue nel figurar de gli emblemi e nella proprietà delle piante e de gli animali di",,In Napoli,1592,1592,ita,yes
CFI0470544,ECO.02.0162/2,ECO.02.0162/2,4,par Eugène Sue,Bruxelles,Cans et C.ie. 1848,1848,fre,yes
SIPE015936,ECO.01.0167,ECO.01.0167,1,,,,1592,ita,yes
MIL1077034,ECO.02.0162/3,ECO.02.0162/3,2,Par Eugéne Sue,Bruxelles,1848,1848,fre,
PUVE007229,ECO.01.0507,ECO.01.0507,"Precetti di grammatica per la lingua filosofica, o sia, universale, propria per ogni genere di vita",,In Roma,1773,1773,ita,yes
CFI0701949,,,L'eco di San Contardo,,Broni,[1904]-,1904,ita,
MILE062611,ECO.01.0562/1,ECO.01.0562/1,Monde primitif analysé et comparé avec le monde moderne considéré dans son génie allégorique et dans les allégories auxquelles conduisit ce génie ; pr,,A Paris,1777,1777,fre,
MILE060240,ECO.01.0534,ECO.01.0534,"Systeme universel et complet de sténographie, ou maniere abregée d'écrire applicable à tous les idiomes ... inventé par Samuel Taylor ... et adapté à ",,Paris,l'An 3. de l'Ere fra,1794,fre,yes
MILE062615,ECO.01.0562/1,ECO.01.0562/1,"1.1.: Monde Primitif analysé et comparé avec le Monde Moderne, considéré dans son génie allégorique et dans les allégories auxquelles conduisit ce Gén",,A Paris,1777,1777,fre,yes
LIA0236758,ECO.01.1057,ECO.01.1057,Collezione degli erotici greci tradotti in volgare,,Firenze,1833,1833,ita,yes
TO01377644,ECO.01.1058,ECO.01.1058,Milano sconosciuta,Paolo Valera,Milano,1879,1879,ita,yes
MILE040677,ECO.02.0132,ECO.02.0132,"Definições, e estatutos dos cavalleiros, e freires da Ordem de Nosso Senhor Jesus Christo, com a historia da origem, e principio della ...",,Lisboa,1746,1746,por,yes
RAV0269381,ECO.01.0508,ECO.01.0508,Genigrafia italiana,"inventato, e pubblicato dal m.r.p. fr. Gio. Giuseppe Matraja di Lucca",Lucca,1831,1831,ita,
UBOE000951,ECO.01.0256,ECO.01.0256,Teatro d'imprese di Giouanni Ferro all'ill.mo e r.mo cardinal Barberino. Parte prima [-seconda],,,,1623,ita,yes
SBL0253730,ECO.04.0015,ECO.04.0015,Apocalittici e integrati,di Umberto Eco,Milano,1964,1964,ita,
UFIE003433,ECO.01.0433,ECO.01.0433,"Athanasii Kircheri e Soc. Jesu Ars magna sciendi, in 12 libros digesta, qua nova & universali methodo per artificiosum combinationum contextum de omni",,Amstelodami,1669,1669,lat,yes
LO1E015564,ECO.01.0589,ECO.01.0589,"Franc. Sanctii Brocensis ... Minerva, seu De causis linguae latinae commentarius, cui inserta sunt, uncis inclusa, quae addidit Gasp. Scioppius et sub",,Amstelaedami,1714,1714,lat,yes
PAR0851522,ECO.02.0162/4,ECO.02.0162/4,1,Eugene Sue,Bruxelles,1848,1848,fre,yes
BVEE009615,ECO.01.0063,ECO.01.0063,"M. Fabii Quintiliani Institutionum oratoriarum libri duodecim. Summa diligentia ad fidem uetustissimorum codicum recogniti, ac restituti. Cum rerum ue",,Lugduni,1549,1549,lat,yes
BVEE040856,ECO.01.0169,ECO.01.0169,"C.F. Menestrerii S.J. Philosophia imaginum id est Sylloge symbolorum amplissima, qua plurima regum, principum, nobilium, foeminarum illustrium, erudit",,Amstelodami & Gedani,1695,1695,lat,yes
RMLE004220,ECO.01.0023,ECO.01.0023,"L'arte de' cenni con la quale formandosi fauella visibile, si tratta della muta eloquenza, che non è altro che un facondo silentio. Diuisa in due part",,In Vicenza,1616,1616,ita,yes
RMLE008510,ECO.01.0048,ECO.01.0048,Giulio Ossequente de' prodigii. Polidoro Vergilio. De prodigii Lib. 3. Per Damiano Maraffi fatti toscani,,In Lione,1554,1554,ita,yes
NAP0175724,ECO.02.0077,ECO.02.0077,Mafarka il futurista,F. T. Marinetti,Milano,1910,1910,ita,yes
TSAE001499,ECO.01.0997,ECO.01.0997,"Polygamia triumphatrix, id est Discursus politicus de polygamia auctore Theophilo Aletheo, cum notis Athanasii Vincentii, omnibus anti-polygamis ubiqu",,Londini Scanorum,1682,1682,lat,yes
TO0E165664,ECO.01.0852,ECO.01.0852,"Histoires, disputes et discours, des illusions et impostures des diables, des magiciens infames, sorcieres et empoisonneurs ...Le tout compris en six ",,[Genève?,1579,1579,fre,yes
TO0E142747,ECO.01.0836/1,ECO.01.0836/1,"Discours, et histoires des spectres, visions et apparitions des esprits, anges, démons et ames, se monstrans visibles aux hommes, divisez en huict liv",,A Paris,1605,1605,fre,yes
TO0E040522,ECO.01.0189,ECO.01.0189,"Andreae Alciati Emblemata cum commentarijs Claudij Minois i.c. Francisci Sanctij Brocensis, & notis Laurentij Pignorij Patauini. Nouissima hac edition",,Patauij,1621,1621,lat,yes
TO0E035695,ECO.01.0204,ECO.01.0204,"Hieroglyphica siue de sacris Aegyptiorum literis commentarii, Ioannis Pierii Valeriani Bolzanii ... Habes in hisce commentariis non solum variarum his",,Basileæ,1556,1556,lat,yes
RLZE030261,ECO.01.0816,ECO.01.0816,"Vetera analecta, sive Collectio veterum aliquot operum & opuscolorum omnis generis, carminum, epistolarum, diplomatum, epitaphiorum, &c. Cum itinere g",,"Parisiis: apud Montalant, ad Ripam PP. A",1723,1723,lat,yes
BVEE010679,ECO.01.0022,ECO.01.0022,"L. Apulei Madaurensis ... Apologia. Isaacus Casaubonus recensuit, Graeca suppleuit, & Castigationum libellum adiecit. Ad virum illustrem Iosephum Scal",,\Ginevra!,1594,1594,lat,yes
BVEE000571,ECO.01.0663,ECO.01.0663,"Rettorica et poetica d'Aristotile tradotte di greco in lingua vulgare fiorentina da Bernardo Segni gentil'huomo, & accademico fiorentino",,In Vinegia,1551,1551,ita,yes
RMRE000642,ECO.01.0568,ECO.01.0568,"Caprices d'imagination ou Lettres sur differens sujets d'histoire, de morale..",,A Paris,1740,1740,fre,yes
BVEE041971,ECO.01.0636,ECO.01.0636,"B.d.S. Opera posthuma, quorum series post praefationem exhibetur",,,1677,1677,lat,yes
BVEE035149,ECO.01.0619,ECO.01.0619,"Alphabeti verè naturalis Hebraici breuissima delineatio. Quae simul methodum suppeditat, juxta quam qui surdi nati sunt sic informari possunt, ut non ",,Sulzbaci,MDCLVII \i.e. 1657!,1667,lat,yes
BVEE025238,ECO.01.0594/3,ECO.01.0594/3,Réponse au liure intitulé Sentimens de quelques theologiens de Hollande sur l'Histoire critique du Vieux Testament. Par le prieur De Bollenuille. ...,,A Rotterdam,1686,1686,fre,yes
BVEE025331,ECO.01.0594/3,ECO.01.0594/3,Richardi Simonis Gallicanæ Ecclesiæ theologi Opuscula critica adversus Isaacum Vossium Anglicanæ Ecclesiæ canonicum. Defenditur sacer Codex Ebraicus &,,Edinburgi [i.e. Rotterdam],1685,1685,lat,yes
BVEE018220,ECO.01.0186,ECO.01.0186,Le imprese illustri del s.or Ieronimo Ruscelli. Aggiuntoui nuouam.te il quarto libro da Vincenzo Ruscelli da Viterbo ...,,In Venetia,1584,1584,ita,yes
BVEE025241,ECO.01.0594/3,ECO.01.0594/3,"De l'inspiration des livres sacrés: avec une réponse au livre intitulé, Defense des sentimens de quelques theologiens de Hollande sur l'Histoire criti",,A Rotterdam,1687,1687,fre,yes
BVEE002390,ECO.01.0703,ECO.01.0703,"Della rhetorica di Giason Denores libri tre, ne' quali, oltra i precetti dell'arte, si contengono vinti orationi tradotte de' più famosi, & illustri p",,In Venetia,1584,1584,ita,yes
RMSE009111,ECO.01.0136/1,ECO.01.0136/1,"Sibylliakoi kresmoi hoc est Sibyllina oracula ex uett. codd. aucta, renouata, et notis illustrata a d. Iohanne Opsopoeo Brettano. Cum interpretatione ",,Parisijs: [Compagnie du Grand Navire],1599,1599,fre,yes
CAGE017039,ECO.01.0168,ECO.01.0168,Duodecim specula Deum aliquando videre desideranti concinnata. Auctore P. Ioanne Dauid ...,,Antuerpiae,1610,1610,lat,yes
RMSE005829,ECO.01.0018,ECO.01.0018,"De furtiuis literarum notis vulgò De ziferis libri quinque. Altero libro superaucti, & quamplurimis in locis locupletati. Io. Baptista Porta Neapolita",,Neapoli,1602,1602,lat,yes
BVEE059647,ECO.01.0769,ECO.01.0769,"Polygraphiae libri sex, Ioannis Trithemii abbatis Peapolitani, quondam Spanheimensis, ad Maximilianum Caesarem",,,,1518,lat,yes
BVEE013850,ECO.01.0173,ECO.01.0173,"I discorsi di m. Gio. Andrea Palazzi sopra l'imprese: recitati nell'Academia d'Vrbino: con la tauola delle cose più notabili, che in loro si contengon",,In Bologna,1575,1575,ita,yes
RMSE072127,ECO.01.0908,ECO.01.0908,Antonii de Haen ... De magia liber,,Lipsiae,1774,1774,lat,yes
BVEE042490,ECO.01.0197,ECO.01.0197,"Mondo simbolico, o sia Vniuersità d'imprese scelte, spiegate, ed' illustrate con sentenze, ed eruditioni sacre, e profane. Studiosi diporti dell'abbat",,In Milano,1653,1653,ita,yes
BVEE042107,ECO.01.0814,ECO.01.0814,"Gerardi Ioannis Vossii, Etymologicon linguae Latinae; praefigitur eiusdem tractatus de permutatione literarum. Et in fine adiectus est luculentus inde",,Lugduni,1664,1664,lat,yes
CNCE006486,ECO.01.0134,ECO.01.0134,"Achillis Bocchii Bonon. Symbolicarum quæstionum, de vniuerso genere, quas serio ludebat, libri quinque",,Bononiæ,1574,1574,lat,yes
CNCE009062,ECO.01.0167,ECO.01.0167,"Delle imprese trattato di Giulio Cesare Capaccio. In tre libri diuiso. Nel primo, del modo di far l'impresa ... Nel secondo, tutti ieroglifici, simbol",,In Napoli,1592,1592,ita,
CFIE005319,ECO.01.0942/02,ECO.01.0942/02,Appendix apologetica Henrici Cornelij Agrippæ ab Nettesheym armatæ militiæ equitis aurati ... pertinens ad secundam eius operum Lugduni editorum parte,,Lugduni,1605,1605,lat,yes
TO0E012828,ECO.01.0646,ECO.01.0646,"Reflexions curieuses d'un esprit des-interressé sur les matieres les plus importantes au salut, tant public que particulier",,A Cologne [i.e. Amsterdam],1678,1678,fre,yes
TO0E007702,ECO.01.0344,ECO.01.0344,"Gabrielis Naudaei ... Epistolae, nunc primum in lucem prodeunt",,Geneuae,1667,1667,lat,yes
MILE062610,ECO.01.0562/1,ECO.01.0562/1,"1.1: Plan général et raisonné des divers objets et des découvertes qui composent l'ouvrage intitulé : Monde primitif, analysé et comparé avec le monde",,A Paris,1773,1773,fre,yes
MILE062616,ECO.01.0562/1,ECO.01.0562/1,"1.2.: Allégories Orientales ou la Fragment de Sanchoniaton, qui contient L'Histoire de Saturne suivi de celles de Mercure et d'Hercule et de ses Douze",,A Paris,1777,1777,fre,yes
MILE063140,ECO.01.0942/01,ECO.01.0942/01,"Henrici Cornelii Agrippæ ab Nettesheym armatæ militiæ equitis aurati, et juris utriusque ac medicinæ doctoris, Operum pars posterior. Quorum catalogum",,Lugduni,1600,1600,lat,yes
RMS2489076,ECO.04.0064,ECO.04.0064 ; ECO.04.0065 ; ECO.04.0066 ; ECO.04.0067 ; ECO.04.0068 ; ECO.04.0069 ; ECO.04.0070 ; ECO.04.0071 ; ECO.04.0072 ; ECO.04.0073 ; ECO.04.0074 ; ECO.04.0075 ; ECO.04.0076 ; ECO.04.0077 ; ECO.04.0078 ; ECO.04.0079,La grande storia,[a cura di Umberto Eco],Milano,,2011,ita,
VEAE004723,ECO.03.0075/1,ECO.03.0075/1,"Delle nauigationi et viaggi raccolte da m. Gio. Battista Ramusio, in tre volumi diuise: nelle quali con relatione fedelissima si descriuono tutti quei",,In Venetia,1613,1613,ita,yes
VEAE004830,ECO.03.0075/3,ECO.03.0075/3,"3: Volume terzo. Nel quale si contiene le nauigationi al mondo nuouo, à gli antichi incognito, fatte da don Christoforo Colombo Genouese, che fù il pr",,In Venetia,1606,1606,ita,yes
VEAE008540,ECO.01.0372,ECO.01.0372,"[1.3]: Apparatus in librum Sohar pars tertia & quarta, quorum prior est liber Sa'ar hasamaim seu Porta Coelorum, in quo dogmata cabbalistica ... expli",,Solisbaci,1678,1678,lat,yes
SBLE005483,ECO.01.0035,ECO.01.0035,"Speculum astronomicum, tripartitum, medicis necessarium, agriculturae & nauigationi valdè proficuum . Auctore Philippo Finella. ...",,Neapoli,1649,1649,lat,yes
TO00104406,ECO.01.0879/03,ECO.01.0879/03,Poussin,Paola Santucci,Salerno,c1985,1985,ita,yes
CFI0625631,ECO.01.0518,ECO.01.0518,2,by Ignatius Donnelly,London,1888,1888,eng,yes
CFI0627132,ECO.01.0524,ECO.01.0524,The Bacon-Shakspere question answered,by C. Stopes,London,1889,1889,eng,yes
LO1E040248,ECO.01.0949,ECO.01.0949,"Dictionnaire mytho-hermétique, dans lequel on trouve les allégories fabuleuses des poètes, les métaphores, les énigmes et les termes barbares des phil",,A Paris,1787,1787,fre,yes
TO00165647,ECO.02.0063,ECO.02.0063,La chiave della Divina Commedia,Luigi Valli,Bologna,stampa 1925,1925,ita,yes
CFI0625630,ECO.01.0518,ECO.01.0518,1,by ignatius Donnelly,London,1888,1888,eng,yes
RAV0070081,ECO.02.0168,ECO.02.0168,L'Esopo,,Milano,1979-2009,1979,ita,yes
UBOE035181,ECO.01.0053,ECO.01.0053,"Laurentij Pignorij Patauini Mensa Isiaca, qua sacrorum apud Aegyptios ratio & simulacra subjectis tabulis aeneis simul exhibentur & explicantur. Acces",,Amstelodami,1669,1669,lat,yes
UBOE036728,ECO.01.0265,ECO.01.0265,[2]: Volume de la jurisprudence et des sciences et arts,,A Paris,1764,1764,fre,yes
UBOE129901,ECO.01.0828,ECO.01.0828,"1: Tomus primus In Ezechielem Hieronymi Pradi Biacensis e Societate Iesu explanationes et commentarii in priora sex, et viginti capita",,Romae,1596,1596,lat,yes
NAPE023387,ECO.01.0926,ECO.01.0926,"Magica, seu mirabilium historiarum de Spectris et apparitionibus spiritum: item de magicis & diabolicis incantationibus: de miraculis, oraculis, vatic",,Islebiae,1597,1597,lat,yes
PUV0812351,ECO.01.0862,ECO.01.0862,De la Démonialité et des animaux incubes et succubes,par le R.P. Louis-Marie Sinistrari d'Ameno...,Paris,1876,1876,fre,yes
USME024256,ECO.01.0977,ECO.01.0977,"[39]: Epistola viri clarissimi Hecqueti, ad D.D.    . De Ruyschiano uteri musculo",,Amstelodami,1727,1727,lat,yes
SBL0553934,ECO.04.0023,ECO.04.0023,La definizione dell'arte,Umberto Eco,Milano,[1968],1968,ita,
VEAE143585,ECO.01.0111,ECO.01.0111,In laudem operis kalendarij. s. huius Johanne de monte regio editi germanorum decoris nostrae aetatis astronomorum principis editi Jacobi Sontini Rici,,Venetijs,1482. Idus. 5 August,1482,lat,yes
VEAE131887,ECO.03.0002,ECO.03.0002,Comento di Christophoro Landino fiorentino sopra la comedia di Danthe Alighieri poeta fiorentino,,,,1491,ita,yes
VEAE143595,ECO.03.0011,ECO.03.0011,Aurelii Augustini Hipponensis episcopi De ciuitate Dei primi libri incipiunt rubrice,,,,1470,ita,yes
MIL0459653,ECO.02.0079,ECO.02.0079,De' Gesuiti,dai professori Michelet e Quinet,Parigi,1844,1844,ita,yes
PUVE001448,ECO.01.0996,ECO.01.0996,"Consolatio navigantium: in quâ docetur & deducitur, quomodo per maria peregrinantes à fame ac siti immò etiam morbis, qui longinquo ab itinere ipsis c",,Amstelodami,1657,1657,lat,yes
PUVE008688,ECO.01.0928,ECO.01.0928,"De fascino libri tres, auctore Leonardo Vairo Beneuentano ordinis S. Bendicti ... in quibus omnes fascini species, & causae optima methodo describuntu",,Venetiis,1589,1589,ita,yes
PUVE000478,ECO.01.0496,ECO.01.0496,"Traitté de l'ame et de la connoissance des bêtes, ou aprés avoir, demontré  la spiritualité de l'ame de l'homme l'on explique par la seule machine, le",,Amsterdam,1691,1691,fre,
VEAE000473,ECO.01.0856,ECO.01.0856,"Compendium maleficarum, ex quo nefandissima in genus humanum opera venefica, ac ad illa vitanda remedia conspiciuntur. Per fratrem Franciscum Mariam G",,Mediolani,1626,1626,lat,yes
VEAE001531,ECO.01.1035,ECO.01.1035,"Oracolo manuale, e arte di prudenza cauata dagl'aforismi, che si discorrono nell'opre di Lorenzo Gratiano mandalo in luce d. Vicenzo Giouanni de Lasta",,In Venetia,1679,1679,ita,yes
PUVE004848,ECO.01.0426,ECO.01.0426,Athanasii Kircheri e Soc. Jesu. Phonurgia nova sive Conjugium mechanico-physicum artis & naturae paranympha phonosophia concinnatum; qua universa sono,,Campidonae,1673,1673,lat,yes
PUVE017246,ECO.01.0739,ECO.01.0739,"Noua inuentione et arte del ricordarsi, per luoghi, & imagini; & per segni, & figure poste nelle mani. Del R.P.F. Girolamo Marafioto da Polistene di C",,In Vinegia,1602,1602,ita,yes
VEAE008513,ECO.01.0417,ECO.01.0417,"Athanasii Kircheri e Soc. Jesu China monumentis, qua sacris qua profanis,nec non variis naturae & artis spectaculis, aliarumque rerum memorabilium arg",,Amstelodami,1667,1667,lat,yes
VEAE008536,ECO.01.0372,ECO.01.0372,[1.1],,Sulzbaci,1677,1677,lat,yes
VEAE008537,ECO.01.0372,ECO.01.0372,"[1.2]: Apparatus in librum Sohar pars secunda, cujus contenta exhibet versa pagina",,,[1677-1684],1677,lat,yes
VEAE008541,ECO.01.0372,ECO.01.0372,2: Kabbalae denudatae tomus secundus: id est liber Sohar restitutus; cujus contenta pagina versa monstrabit. ... cui adjecta Adumbratio Cabbalae Chris,,Francofurti,1684,1684,lat,yes
PUVE012904,ECO.01.0080,ECO.01.0080,"Ermou tou Trismegistou Poimandres. Asklepiou oroi pros Ammona Basilea. Mercurii Trismegisti Poemander, seu De potestate ac sapientia diuina. Aesculapi",,Parisiis,1554,1554,grc,yes
VEAE008502,ECO.01.0827,ECO.01.0827,"Romani Collegii Societatus [!] Jesu Musæum celeberrimum, cujus magnum antiquariæ rei, statuarum, imaginum, picturarumque partem ex legato Alphonsi Don",,Amstelodami,1678,1678,lat,yes
SBLE000409,ECO.01.0149,ECO.01.0149,"Il serraglio de gli stupori del mondo, di Tomaso Garzoni da Bagnacauallo. Diuiso in diece appartamenti, secondo gli vari, & ammirabili oggetti. Cioè d",,In Venetia,1613,1613,ita,yes
SBLE011660,ECO.01.0284,ECO.01.0284,"Athanasii Kircheri Diatribe. De prodigiosis crucibus quae tam supra vestes hominum, quam res alias, non pridem post vltimum incendium Vesuuij montis N",,Romae,1661,1661,lat,yes
RAV0032351,ECO.04.0024,ECO.04.0024,L'uomo e l'arte,[a cura di Umberto Eco e Eugenio Battisti],Milano,,1969,ita,
IEI0126727,ECO.02.0017,ECO.02.0017,Saggi sull'idealismo magico,J. Evola,Todi,1925,1925,ita,yes
MIL0346937,ECO.02.0116,ECO.02.0116,Milano in ombra,Lodovico Corio,Milano,[1885?],    ,ita,yes
VEAE001372,ECO.01.0280,ECO.01.0280,"Athanasij Kircheri e Societate Iesu Arithmologia siue De abditis numerorum mysterijs qua origo, antiquitas & fabrica numerorum exponitur; ...",,Romæ,1665,1665,lat,yes
VEAE001375,ECO.01.0423,ECO.01.0423,"Athanasii Kircheri e Soc. Iesu, Oedipus Aegyptiacus. Hoc est Vniuersalis Hieroglyphicae Veterum doctrinae temporum iniuria abolitae instauratio. Opus ",,Romae,1652-1654,1652,lat,
VEAE002561,ECO.01.0992,ECO.01.0992,"Arte del nauigare dell'eccel. dottor Pietro da Medina. Nella quale copiosamente si tratta tutto quello, che appartiene alla nauigatione, e sua cogniti",,In Venetia,1609,1609,ita,yes
VEAE004121,ECO.01.0014,ECO.01.0014,"Io. Baptistae Portae Lyncei Neapolitani De aeris transmutationibus libri 4. In quo opere diligenter pertractatur de ijs, quae, vel ex aere, vel in aer",,Romae,1614,1614,lat,yes
MILE031435,ECO.01.0955,ECO.01.0955,Theodori Kerckringii ... Commentarius in currum triumphalem Antimonii Basilii Valentini a se latinitate donatum,,Amstelaedami,1685,1685,lat,
MILE031917,ECO.01.0493,ECO.01.0493,Essai philosophique sur l'ame des betes où  l'on traite de son existence et de sa nature. Et où l'on mêle par occasion diverses réflexions sur la natu,,Amsterdam,1728,1728,lat,yes
RAV0202353,ECO.02.0003,ECO.02.0003,Tomo 2,per Vincenzo Gioberti,Losanna,1846,1846,ita,yes
MILE025816,ECO.01.0947,ECO.01.0947,5,,,,1660,lat,yes
RAV0202354,ECO.02.0003,ECO.02.0003,Tomo 3,per Vincenzo Gioberti,Losanna,1847,1847,ita,yes
RAV0202355,ECO.02.0003,ECO.02.0003,Tomo 4,per Vincenzo Gioberti,Losanna,1847,1847,ita,yes
RAV0202356,ECO.02.0003,ECO.02.0003,Tomo 5,per Vincenzo Gioberti,Losanna,1847,1847,ita,yes
MILE025819,ECO.01.0947,ECO.01.0947,"6: Theatri chemici volumen sextum, theologicis, medicis, et tam vulgaribus quam hermeticæ chemiae ... continens, ex Germanica & Gallica lingua in Lati",,Argentorati,1661,1661,lat,yes
TO00187506,ECO.01.1051,ECO.01.1051,Lacerba,,Firenze,[1913]-1915,1913,ita,yes
MILE055932,ECO.01.0625/5,ECO.01.0625/5,"3.3:  Parte terza divisa in tre volumi. Logica alla quale e premessoun opuscolo recentemente pubblicato dall'autore, e intitolato""Principi logici, o s",,Milano,1817,1817,ita,yes
RAV0202352,ECO.02.0003,ECO.02.0003,Tomo 1,per Vincenzo Gioberti,Losanna,1846,1846,ita,yes
MIL0560452,ECO.02.0128,ECO.02.0128,"Hypnerotomachie, ou Discours du songe de Poliphile, deduisant comme Amour le combat a l'occasion de Polia",traduit de language italien en français par Jean Martin et Jacques Gohorry,Paris,1926,1926,fre,yes
MILE008655,ECO.01.0760/1,ECO.01.0760/1,"Raymundi Lullii  ... Opera ea quae ad adinventam ab ipso artem universalem, scientiarum artiumque omnium brevi compendio, firmaque memoria apprehenden",,Argentorati,1651,1651,lat,
MILE010393,ECO.01.0202,ECO.01.0202,"2: Homo indivisus et integer figuratus & symbolicus, anatomicus, rationalis, moralis, mysticus, politicus, & legalis, collectus et explicatus cum figu",,Augustae Vindelicorum & Dilingae,1695,1695,lat,yes
MILE010392,ECO.01.0202,ECO.01.0202,1,,,,1695,lat,yes
MILE010912,ECO.01.0894,ECO.01.0894,"Giardino de gli epiteti, traslati, et aggiunti poetici italiani del P. maestro F. Gio. Battista Spada di Fiorenzuola piacentino dell'Ordine de' predic",,In Bologna,1648,1648,ita,yes
VIAE006831,ECO.01.0623,ECO.01.0623,Des signes et de l'art de penser consideres dans leurs rapports mutuels. Par Jh. M. DeGerando,,A Paris,an VIII [i.e. 1799-1,1799,fre,
VIAE043046,ECO.01.0116,ECO.01.0116,Caii Plinii Secundi Naturalis historiae liber primus,,,,1487,lat,yes
VIAE036800,ECO.01.0119,ECO.01.0119,Incipit liber genesis qui dicitur hebraice bresith ...,,,,1476,lat,yes
RAV0118310,ECO.02.0081,ECO.02.0081,"Betes, hommes et dieux",Ferdinand Ossendowski,Paris,c1924,1924,fre,yes
LIA0002317,ECO.02.0033,ECO.02.0033,Minerva oscura,Giovanni Pascoli,Livorno,1898,1898,ita,yes
MIL0631965,ECO.01.0706,ECO.01.0706,Dell'arte della memoria,opera del prof. Tito Aurelj,Roma,1887,1887,ita,yes
CFIE026432,ECO.01.0352,ECO.01.0352,[1],,"[10], 30 p., [4] c. di tav.",,1664,lat,yes
CFIE026433,ECO.01.0352,ECO.01.0352,"2: Architecturae curiosae novae, pars secunda. Quæ lectoris obtutui sistit varia epistomiorum ac fistularum genera, salientuium fontium orificiis appl",,Norimbergæ,,    ,lat,yes
CFIE026434,ECO.01.0352,ECO.01.0352,"3: Architecturae curiosae novae pars tertia. Quæ præter noviter inventorum picturas, veras quoque sistit effigies varii generis fontium. Per Italiam, ",,Norimbergæ,,1664,lat,yes
MILE041327,ECO.01.0580/02,ECO.01.0580/02,"Quaedam praemeditatae & consideratae Cogitationes super quatuor priora capita libri primi Moysis, Genesis nominati. Prolatae a Francisco Mercurio ab H",,Amstelodami,1697,1697,lat,yes
MILE045413,ECO.01.0603,ECO.01.0603,"J.A. Comenii Janua linguarum reserata, cum Græca versione Theodori Simonii Holsati, innumeris in locis emendata à Stephano Curcellæo: qui etiam Gallic",,Amstelodami,1665,1665,lat,yes
MIL0629612,ECO.02.0164,ECO.02.0164,1,par une Societé de professeurs de philosophie,Paris,1844,1844,fre,yes
MIL0647786,ECO.01.0141,ECO.01.0141,2,volgarizzato da Bono Giamboni,Venezia,1839,1839,ita,yes
MIL0629618,ECO.02.0164,ECO.02.0164,6,par une Société de professeurs et de savants,Paris,1852,1852,fre,yes
MIL0647785,ECO.01.0141,ECO.01.0141,1,volgarizzato da Bono Giamboni,Venezia,1839,1839,ita,yes
MILE036269,ECO.01.0432,ECO.01.0432,Athanasii Kircheri Fuldensis Buchonii e Soc. Iesu presbyteri ... Ars magna lucis et vmbræ in decem libros digesta. Quibus admirandæ lucis et vmbræ in ,,Romæ,1646,1646,ita,yes
MILE055931,ECO.01.0625/4,ECO.01.0625/4,"3.2:  Parte terza divisa in tre volumi. Logica alla quale e premessoun opuscolo recentemente pubblicato dall'autore, e intitolato""Principi logici, o s",,Milano,1817,1817,ita,yes
CFIE000673,ECO.01.0977/03,ECO.01.0977/03,[23]: Frederici Ruyschii ... Thesaurus anatomicus primus [-decimus]. Cum figuris æneis,,Amstelodami,1721-1729,1721,lat,
TO01021404,ECO.02.0163,ECO.02.0163,Il brigante di Marengo o sia Mayno Della Spinetta,leggenda popolare pubblicata da Francesco Viganò,Milano,1845,1845,ita,
TO01021411,ECO.02.0163,ECO.02.0163,1,Francesco Vigano,Milano,1845,1845,ita,yes
CFIE011795,ECO.01.0408,ECO.01.0408,"Ioannis Caramuelis Primus calamus ob oculos ponens metametricam, quae variis currentium, recurrentium, adscendentium, descendentium, nec-non circumvol",,Romae,1663,1663,lat,yes
CFIE014810,ECO.01.0618,ECO.01.0618,"La mecanique des langues, et l'art de les enseigner. Par m. Pluche",,A Paris,1751,1751,fre,
CFIE026436,ECO.01.0352,ECO.01.0352,"4: Architecturae curiosae novae pars quarta. Quæ sex et triginta, cryptarum palatiorum ac viridariorum, genuinas et ad vivum delineatas effigies exhib",,"[2], 26 p., 36 c. di tav.",,    ,lat,
MILE032412,ECO.01.0861,ECO.01.0861,"Traicté du feu et du sel. Excellent et rare opuscule du sieur Blaise de Vigenere Bourbonnois, trouué parmy ses papiers apres son deceds",,A Rouen,1642,1642,fre,yes
CFIE006266,ECO.01.0690,ECO.01.0690,Johannis Lomeieri Zutphaniensis De veterum gentilium lustrationibus syntagma. Cum indice necessario,,Ultrajecti,1681,1681,lat,yes
CFIE008028,ECO.01.0358,ECO.01.0358,"Tela ignea Satanæ. Hoc est: Arcani, & horribiles Judærum adversus Christum Deum, & Christianam religionem libri anekdotoi. ... Joh. Christophorus Wage",,AltdorfI Noricorum,1681,1681,lat,yes
TO01021419,ECO.02.0163,ECO.02.0163,2,Francesco Vigano,Milano,1845,1845,ita,yes
CFIE003703,ECO.01.0876,ECO.01.0876,"Tractatus nouus de magnetica vulnerum curatione, citra vllum et dolorem, et dolorem, et remedij applicationem, et superstitionem, mirandarum & in natu",,Francofurti,1613,1613,lat,
MILE032376,ECO.01.0147,ECO.01.0147,"L'hospidale de' pazzi incurabili. Nuouamente ristampato, & posto in luce da Tomaso Garzoni da Bagnacauallo. Con tre capitoli in fine sopra la pazzia. ",,In Venetia,1601,1601,ita,yes
CFIE008288,ECO.01.0944,ECO.01.0944,"Theodori Kerckringii ... Commentarius in currum triumphalem antimonii Basilii Valentini, à se latinitate donatum",,Amstelodami,1671,1671,lat,yes
TO00979193,ECO.01.0553,ECO.01.0553,Les élémens primitifs des langues,par Bergier,Besançon,1837,1837,fre,
CFI0459376,ECO.01.0937,ECO.01.0937,Dizionario infernale,J. Collin De Plancy,Milano,1969,1969,ita,yes
VIAE001105,ECO.01.0427,ECO.01.0427,"Athanasii Kircheri Fuldensis Buchonii ... Ars magna lucis et umbrae, in 10. libros digesta. Quibus admirandae lucis & umbrae in mundo, atque adeò univ",,Amstelodami,1671,1671,lat,yes
UBOE043826,ECO.01.0245,ECO.01.0245,"Sefer Yeṣirah id est Liber Iezirah qui Abrahamo patriarchae adscribitur, una cum commentario Rabi Abraham F.D. super 32 semitis sapientiae, a quibus l",,Amstelodami,1642,1642,heb,yes
UBOE007710,ECO.01.0477,ECO.01.0477,"Rudolphi Cudworthi ... Systema intellectuale huius universi seu de veris naturae rerum originibus commentarii quibus omnis eorum philosophia, qui deum",,Ienae,1733,1733,lat,
UBOE007711,ECO.01.0477,ECO.01.0477,1,,,,1733,lat,yes
UBOE007752,ECO.01.0774,ECO.01.0774,"Johannis Trithemii ... Steganographia quae hucusque à nemine intellecta, sed passim ut supposititia, perniciosa, magica & necromantica, rejecta, elusa",,Moguntiae,1676,1676,lat,yes
NAPE014572,ECO.01.0428,ECO.01.0428,1,,,1665,1665,lat,yes
NAPE014573,ECO.01.0428,ECO.01.0428,"Athanasii Kircheri e Soc. Iesu Mundi subterranei tomus 2.us in 5. libros digestus quibus mundi subterranei fructus exponentur, et quidquid tandem raru",,Amstelodami,1664,1664,lat,yes
UBOE000921,ECO.01.1011,ECO.01.1011,Vlyssis Aldrouandi patricii Bononiensis Quadrupedum omnium bisulcorum historia. Ioannes Cornelius Vteruerius Belga colligere incaepit. Thomas Dempster,,Bononiae,1621,1621,lat,yes
UBOE005015,ECO.01.0912,ECO.01.0912,"Casti Innocentis Ansaldi ... De Theurgia, de que theurgicis ethnicorum mysteriis a divo Paullo memoratis. Commentarius",,Mediolani,1761,1761,lat,yes
NAPE005281,ECO.01.0190,ECO.01.0190,"Seconda nouissima editione delle imagini de gli dei delli antichi di Vicenzo Cartari reggiano. ... Cauate da' marmi, .. da Lorenzo Pignoria padouano. ",,In Padoua :nella stamparia di Pietro Pao,1626,1626,ita,yes
UBOE007724,ECO.01.0477,ECO.01.0477,2.: Radulphi Cudworthi Systema intellectuale tomus 2,,,,1733,lat,yes
UBOE022179,ECO.02.0120,ECO.02.0120,"Li dottori forestieri, che in Bologna hanno letto teologia, filosofia, medicina, & arti liberali, con li rettori dello studio da gli anni 1000. sino p",,In Bologna,1623,1623,ita,yes
UBOE006151,ECO.01.1018,ECO.01.1018,"Vlyssis Aldrouandi ... De quadrupedibus solidipedibus volumen integrum Ioannes Cornelius Vteruerius ... collegit, & recensuit. Hieronymus Tamburinus i",,Bononiae,1616,1616,lat,yes
UBOE006155,ECO.01.0355,ECO.01.0355,Prodromo ouero saggio di alcune inuentioni nuoue premesso all'arte maestra opera che prepara il p. Francesco Lana bresciano della Compagnia di Giesu'.,,In Brescia,1670,1670,ita,yes
SBL0283696,ECO.01.0216,ECO.01.0216,Storia degli alessandrini,Fausto Bima,Alessandria,1965,1965,ita,
PALE001981,ECO.01.0625/1,ECO.01.0625/1,2.1: Elementi d'ideologia del conte Destutt di Tracy pari di Francia ... per la prima volta pubblicati in italiano con prefazione e note del cav. Comp,,Milano,1817,1817,ita,yes
PALE001990,ECO.01.0625/3,ECO.01.0625/3,"3.1: Parte terza divisa in tre volumi. Logica alla quale è premesso un opuscolo recentemente pubblicato dall'autore, e intitolato Principi logici, o s",,Milano,1817,1817,ita,yes
UFIE002485,ECO.01.0275,ECO.01.0275,"Organum mathematicum libris 9. explicatum à p. Gaspare Schotto e Societate Jesu, quo per paucas ac facillimè parabiles tabellas, intra cistulam ad mod",,Herbipoli,1668,1668,lat,yes
UFIE000934,ECO.01.1009,ECO.01.1009,"Vlyssis Aldrouandi patricii Bononiensis Dendrologiæ naturalis scilicet arborum historiæ libri duo sylua glandaria, acinosumque pomarium vbi eruditione",,Bononiae,1668,1668,lat,yes
UFIE001011,ECO.01.0268,ECO.01.0268,"Esperienze intorno a diverse cose naturali, e particolarmente a quelle, che ci son portate dall'Indie fatte da Francesco Redi e scritte in vna lettera",,In Firenze,1671,1671,ita,yes
CFI0097988,ECO.04.0003,ECO.04.0003,Il pendolo di Foucault,Umberto Eco,\Milano!,1988,1988,ita,
PARE043418,ECO.01.0919,ECO.01.0919,"Oroscopo genealogico sacro, e perpetuo del real infante di Spagna Carlo rappresentato da 12. segni, e 7. pianeti, 24. costellazioni australi, e 25. se",,"In Genova: nella stamperia del Casamara,",1780,1780,ita,yes
PARE014101,ECO.01.0504,ECO.01.0504,"La morale del cittadino del mondo, ossia La morale della ragione; che forma la terza parte di un corso di Filosofia. Del signor abate Sauri ...",,InVenezia,1778,1778,ita,yes
UM1E002266,ECO.01.0901,ECO.01.0901,"Christophori Clauii Bambergensis ... In sphæram Ioannis de Sacro Bosco. Commentarius. Nunc quinto ab ipso auctore hoc anno 1606. recognitus, & plerisq",,Romae,1607,1607,lat,yes
LO1E001944,ECO.01.0150,ECO.01.0150,"La piazza vniuersale di tutte le professioni del mondo, nuouamente ristampata & posta in luce, da Thomaso Garzoni da Bagnacauallo",,In Venetia,1599,1599,ita,yes
LO1E027969,ECO.01.0397,ECO.01.0397,[1],,,,1585,lat,yes
LO1E027971,ECO.01.0397,ECO.01.0397,"2: Mysticae numerorum significationis pars altera, Io. Petro Bongo canonico Bergomate auctore: in qua de numeris in sacris libris potissimum repertis,",,Bergomi,1585,1585,lat,
CFI0145115,ECO.04.0041,ECO.04.0041,Leggere I promessi sposi,di Umberto Eco ... [et al.],Milano,1989,1989,ita,
SBL0403717,ECO.01.1026,ECO.01.1026,Indice delle edizioni citate come testi di lingua dagli Accademici della Crusca nelle cinque compilazioni del loro vocabolario,per cura dell'abate Luigi Razzolini,Milano,1863,1863,ita,yes
URB0367059,ECO.02.0148,ECO.02.0148,"La fin troublee de Tallemant des Reaux, d'apres des documents inedits",Emile Magne,Paris,1922,1922,fre,yes
CFI0153651,ECO.01.0879/06,ECO.01.0879/06,La rivista dei libri,,Milano,1991-2010,1991,ita,yes
SBL0477422,ECO.01.0039,ECO.01.0039,La mimica degli antichi investigata nel gestire napoletano,del canonico Andrea De Jorio,Napoli,1832,1832,ita,yes
LO1E008009,ECO.01.0975,ECO.01.0975,"Jo. Jacobi Mangeti, medicinæ doctoris, ... Bibliotheca chemica curiosa, seu Rerum ad alchemiam pertinentium thesaurus instructissimus: quo non tantùm ",,Genevæ,1702,1702,lat,
LO1E008010,ECO.01.0975,ECO.01.0975,1,,,,1702,lat,
LO1E008011,ECO.01.0975,ECO.01.0975,2,,,,1702,lat,yes
LO1E010131,ECO.01.0947,ECO.01.0947,"Theatrum chemicum, præcipuos selectorum auctorum tractatus de chemiæ et lapidis philosophici antiquitate, veritate, jure, præstantia, & operationibus,",,Argentorati,1659-1661,1659,lat,
LO1E010134,ECO.01.0947,ECO.01.0947,3,,,,1659,lat,yes
LO1E010135,ECO.01.0947,ECO.01.0947,4,,,,1659,lat,yes
LO1E009096,ECO.01.0872,ECO.01.0872,"Reconditorium ac reclusorium opulentiae sapientiaeque numinis mundi magni, cui deditur in titulum Chymica Vannus ... Reconditorium ac reclusorium opul",,Amstelodami,Anno 1666,1666,lat,yes
PARE066640,ECO.01.0094,ECO.01.0094,"Somniorum synesiorum omnis generis insomnia explicantes, libri 4. Per Hieronymum Cardanum Mediolanensem medicum ac philosophum. Quibus accedunt, eiusd",,Basilae,,1585,lat,yes
UM1E025681,ECO.03.0001,ECO.03.0001,Incipit rationale diuinorum officiorum editum per reuerendissimum in christo patrem & dominum dominum Guilielmum Duranti: dei et apostolice sedis grat,,,,1480,lat,yes
LO1E010132,ECO.01.0947,ECO.01.0947,1,,,,1659,lat,yes
UM1E002796,ECO.01.0414,ECO.01.0414,"Ioco-seriorum naturae et artis, siue Magiae naturalis centuriae tres auctore Aspasio Caramuelio accessit diattibe [!] de prodigiosis crucibus",,,[1666],1666,lat,yes
UM1E007250,ECO.01.0850,ECO.01.0850,"Flagellum daemonum. Exorcismos terribiles, potentissimos, et efficaces. Remediaque probatissima, ac doctrinam singularem in malignos spiritus expellen",,Bononiæ,1598,1589,lat,yes
UM1E009630,ECO.01.0915,ECO.01.0915,2: Eustachij Manfredij ... Tomus 2. quo ephemerides ipsæ consignantur,,Bononiæ,1715,1715,lat,yes
UBOE000912,ECO.01.1015,ECO.01.1015,"De animalibus insectis libri septem, cum singulorum iconibus ad viuum expressis. Autore Vlysse Aldrouando in almo Gymnasio Bonon: ... Cum indice copio",,Bonon.,1602,1602,lat,yes
PALE001992,ECO.01.0625/2,ECO.01.0625/2,2.2: Elementi d'ideologia del conte Destutt di Tracy pari di Francia ... per la prima volta pubblicati in italiano con prefazione e note del cav. Comp,,Milano,1817,1817,ita,
UBOE004917,ECO.01.0429,ECO.01.0429,"Athanasii Kircheri e Soc. Iesu Obeliscus Pamphilius, hoc est, interpretatio noua & hucusque intentata obelisci hieroglyphici quem non ita pridem ex ve",,Romae,1650,1650,lat,yes
RMS2622039,ECO.01.0542,ECO.01.0542,Éléments carlovingiens linguistiques et littéraires,,Paris,1846,1846,und,
TO0E047322,ECO.01.0399,ECO.01.0399,"Artis cabalisticae: hoc est, reconditae theologiae et philosophiae: scriptorum tomus 1. In quo praeter Pauli Ricii theologicos & philosophicos libros ",,Basileae,,1587,lat,yes
TO0E054618,ECO.01.0376,ECO.01.0376,"Dialogi di amore, composti per Leone medico, di natione hebreo, et dipoi fatto christiano",,[Venezia,1541,1541,ita,yes
TO0E055296,ECO.01.0370,ECO.01.0370,"Kuzari Liber Cosri continens colloquium seu disputationem de religione, habitam ante nongentos annos, inter regem Cosareorum, ... Eam collegit, in ord",,Basileæ,1660,1660,lat,yes
BA10033740,ECO.01.1096,ECO.01.1096,"L'illuminisme en France, 1771-1803",par Papus,Paris,1902,1902,fre,yes
LO10369767,ECO.01.1030,ECO.01.1030,5,,Milano,[1914?],1914,ita,yes
MIL0802061,ECO.01.0537,ECO.01.0537,Di alcune riforme nell'alfabeto della lingua italiana,studio di G.B,Milano,1878,1878,ita,
RMLE007795,ECO.01.0883,ECO.01.0883,Claudii Ptolemaei Pheludiensis Alexandrini Almagestum seu magnae constructionis mathematicae opus plane diuinum Latina donatum lingua ab Georgio Trape,,[Venezia,,1528,lat,yes
RMLE005895,ECO.03.0075/2,ECO.03.0075/2,"Secondo volume delle nauigationi et viaggi, raccolto gia da m. Gio. Battista Ramusio, et hora in questa nuoua editione accresciuto: nel quale si conte",,In Venetia,1583,1583,ita,yes
RML0402852,ECO.01.0673,ECO.01.0673,"Grammaire égyptienne, ou Principes généraux de l'écriture sacrée egyptienne appliquée à la représentation de la langue parlée",par Champollion le Jeune,Paris,1836,1836,fre,
RMLE006013,ECO.01.0353,ECO.01.0353,"Guilielmi Gilberti Colcestrensis, medici londinensis, De magnete, magneticisque corporibus, et de magno magnete tellure; Physiologia noua, plurimis & ",,Londini,1600,1600,lat,yes
RMLE006739,ECO.01.0025,ECO.01.0025,Philothei medici praestantissimi Commentaria in aphorismos Hippocratis. Nunc primum e graeco in Latinum sermonem conuersa Ludouico Corado Mantuano int,,,,1549,lat,yes
TO0E122821,ECO.01.0127,ECO.01.0127,"Mémoires du comte de Grammont, par le c. Antoine Hamilton. Edition ornée de 72. portraits, gravés d'apres les tableaux originaux",,A Londres,,1794,fre,yes
LO10434098,ECO.04.0043,ECO.04.0043,Cinque scritti morali,Umberto Eco,Milano,1997,1997,ita,
LO10355771,ECO.01.0788,ECO.01.0788,Dello scrivere in cifra,Leon Battista Alberti,Torino,[1994!,1994,ita,yes
LO10369755,ECO.01.1030,ECO.01.1030,2,,Milano,[1914?],1914,ita,yes
BRIE015967,ECO.03.0008,ECO.03.0008,Fratris Iacobi philippi Bergomensis ordinis fratrum Eremitarum diui Augustini: in omnimoda historia nouissime congesta: Supplementum cronicarum appell,,,,1486,lat,yes
RMLE017843,ECO.01.0626,ECO.01.0626,"3: Logique. Par m. Destutt comte de Tracy, pair de France, membre de l'Institut de France ...",,Paris,1818,1818,fre,yes
RMLE023833,ECO.01.0362,ECO.01.0362,"Johannis Nicolai antiq. prof. in Academ. Tubing. Libri 4. De Sepulchris Hebræorum: in quibus variorum populorum mores proponuntur, multa obscura loca ",,Lugduni Batavorum,1706,1706,lat,yes
TSAE002526,ECO.01.0874,ECO.01.0874,"Musaeum hermeticum reformatum et amplificatum, omnes sopho-spagyricae artis discipulos fidelissimè erudiens ... Continens tractatus chimicos 21. praes",,Francofurti,1678,1678,lat,yes
TSAE002486,ECO.01.1020,ECO.01.1020,"Geographiae et hydrographiae reformatae, nuper recognitae, & auctae, libri duodecim. Auctore R.P. Io. Baptista Ricciolio Ferrariensis Societatis Iesu.",,Venetiis,1672,1672,lat,
LO10742040,ECO.01.0247,ECO.01.0247,Absconditorum clavis,,Paris,1899,1899,fre,
RMLE067463,ECO.01.0125,ECO.01.0125,Incipit primus liber speculi moralis,,,,1476,lat,
RMLE013847,ECO.01.0191,ECO.01.0191,"Le vere e noue imagini de gli Dei delli antichi di Vincenzo Cartari reggiano. Ridotte da capo a piedi in questa nouissima impressione alle loro reali,",,In Padoua,1615,1615,ita,yes
RMLE017838,ECO.01.0626,ECO.01.0626,"1: Ideologie proprement dite. Par m. Destutt comte de Tracy, pair de France, membre de l'Institut de France ...",,Paris,1817,1817,fre,yes
RMLE017841,ECO.01.0626,ECO.01.0626,"2: Grammaire. Par m. Destutt comte de Tracy, pair de France, membre de l'Istitut de France ...",,Paris,1817,1817,fre,yes
RMLE017844,ECO.01.0626,ECO.01.0626,"4: Traité de la volonte et de ses effets. Par m. Destutt comte de Tracy, pair de France, membre de l'Institut de France ...",,Paris,1818,1818,fre,yes
LO10735458,ECO.01.0180,ECO.01.0180,"Bibliotheca magica et pneumatica, oder Wissenschaftlich geordnete Bibliographie der wichtigsten in das Gebiet des Zauber, Wunder, Geister und sonstige",von Johann Georg Theodor Gräke,Leipzig,1843,1843,ger,yes
MIL0798359,ECO.04.0091,ECO.04.0091,Le interviste immaginarie,,Milano,2010-,2010,ita,
LO10369754,ECO.01.1030,ECO.01.1030,1,,Milano,[1914?],1914,ita,yes
LO10369761,ECO.01.1030,ECO.01.1030,4,G.B. Casti,Milano,[1914],1914,ita,yes
TO0E033943,ECO.01.0161,ECO.01.0161,"Horou Apollonos Neiloou hieroglyphika. Ori Apollinis Niliaci, De sacris notis & sculpturis libri duo, vbi ad fidem vetusti codicis manu scripti restit",,Parisiis,1551,1551,grc,yes
LO10307922,ECO.02.0127,ECO.02.0127,3,compilata su documenti e relazioni autentiche dall'avvocato Pier Carlo Boggio,Torino,1867,1867,ita,yes
TO0E039713,ECO.03.0041,ECO.03.0041,"Christiani Hugenii Zulichemii, const. f. Horologium oscillatorium, siue de motu pendulorum ad horologia aptato demonstrationes geometricæ",,Parisiis,1673,1673,lat,yes
RLZE021775,ECO.01.0760/02,ECO.01.0760/02,"Clauis artis Lullianae, et verae logiges duos in libellos tributa. Id est solida dilucidatio artis magnae, generalis, et ultimae, quam raimundus Lullu",,Stasburgo,1652,1652,lat,yes
LO10307917,ECO.02.0127,ECO.02.0127,1,compilata su documenti e relazioni autentiche dall'avvocato Pier Carlo Boggio,Torino,1860,1860,ita,yes
CUB0619141,ECO.01.0808,ECO.01.0808,Sulla cosmogonia mosaica,Antonio Stoppani,Milano,1892,1892,ita,
LO10307919,ECO.02.0127,ECO.02.0127,2,compilata su documenti e relazioni autentiche dall'avvocato Pier Carlo Boggio,Torino,1865,1865,ita,yes
TO0E041701,ECO.01.0290,ECO.01.0290,"Primitiæ gnomonicæ catoptricæ hoc est. Horologiographiæ nouæ specularis ... Authore R. P. Athanasio Kircher Buchonio, e Societate Iesu ...",,Avenione,1635,1635,lat,yes
TO0E028875,ECO.01.0151,ECO.01.0151,"\1!: De symbolica Aegyptiorum sapientia. Auctore P. Nicolao Caussino Trecensi, è Societate Iesu",,Parisiis,1618,1618,lat,yes
NAP0077216,ECO.01.0060,ECO.01.0060,3.1 Dantis Aligherii De Monarchia,,Florentiae,1839,1839,lat,yes
TO0E042978,ECO.01.0952,ECO.01.0952,"Bibliotheca chimica. Seu Catalogus librorum philosophicorum hermeticorum in quo quatuor millia circiter, authorum chimocorum, vel de transmutationemme",,Parisijs,1654,1654,lat,yes
RMLE038280,ECO.01.0154,ECO.01.0154,Ioannes Frobenius studiosis S.D. Damus nunc vobis Orum Apollinem Niliacum de hieroglyphicis notis a Bernardino Trebatio Veicetino latinitate donatum. ,,,,1518,lat,yes
RMLE015486,ECO.01.0273,ECO.01.0273,"1: P. Gasparis Schotti Regiscuriani e Societate Jesu, ... Pars 1. continet Optica, 2. Acoustica, 3. Mathematica, 4. Physica. .",,[Francoforte sul Meno],1657,1657,lat,yes
RMLE015487,ECO.01.0273,ECO.01.0273,"2: P. Gasparis Schotti ... Magiæ universalis naturæ et artis, pars 2. Acustica, in 7. libros digesta, quibus ea quæ ad auditum, & auditus objectum spe",,[Francoforte sul Meno]: sumptibus Hæredu,1657,1657,lat,yes
RMLE015489,ECO.01.0273,ECO.01.0273,"3: P. Gasparis Schotti ... Magiæ universalis naturæ et artis, pars 3. & 4. in 9. libros digesta, quibus pleraque quæ in centrobaryca, mechanica, stati",,[Francoforte sul Meno],1658,1658,lat,yes
RMLE030082,ECO.01.0719,ECO.01.0719,"Foenix d. Petri Thomasii Rauennatis, memoriae magistri. Nunc recens diligentissime castigata, atque excusa",,Venetiis,1565,1565,lat,
RMLE011635,ECO.01.0273,ECO.01.0273,"4: P. Gasparis Schotti Regiscuriani, e Societate Jesu, ... Thaumaturgus physicus, sive Magiæ universalis naturæ et artis pars 4. et ultima, in 8. libr",,[Francoforte sul Meno],1659,1659,lat,yes
RMLE011634,ECO.01.0273,ECO.01.0273,"P. Gasparis Schotti Regiscuriani e Societate Jesu, ... Magia universalis naturæ et artis, sive Recondita naturalium & artificialium rerum scientia, ..",,[Francoforte sul Meno],1657-1659,1657,lat,
UBO1255015,ECO.01.0129,ECO.01.0129,17.me siecle,Paul Lacroix,Paris,1882,1882,fre,yes
BVE0591103,ECO.01.0234,ECO.01.0234,Essai historique et critique sur l'atlantique des anciens,Frédéric-Charles Baer,Avignon,1835,1835,fre,yes
BVEE003014,ECO.01.0159,ECO.01.0159,Tou agiou patros ēmōn Epiphaniou ... Peri ton physiologon. Tou autou eis ta baia logos. Sancti patris nostri Epiphanii ... Ad physiologum. Eiusdem in ,,Romæ,1587,1587,grc,yes
BVEE004049,ECO.01.0893,ECO.01.0893,"Opere di Orontio Fineo del Delfinato: diuise in cinque parti; arimetica, geometria, cosmografia, & oriuoli, tradotte da Cosimo Bartoli ... et gli Spec",,In Venezia,1587,1587,ita,yes
BVEE009763,ECO.01.0790,ECO.01.0790,"Ioan. Goropii Becani Origines Antwerpianae, siue Cimmeriorum Becceselana nouem libros complexa. Atuatica, 1. Gigantomachia, 2. Niloscopium, 3. Cronia,",,Antuerpiae,1569,1569,lat,yes
BVEE010307,ECO.01.0069,ECO.01.0069,Phylostratus [!] de vita Apollonii Tyanei scriptor luculentus a Philippo Beroaldo castigatus,,,[1504 ca.],1504,lat,yes
BVEE011235,ECO.01.0887,ECO.01.0887,"La geografia di Claudio Tolomeo alessandrino, nuouamente tradotta di greco in italiano, da Girolamo Ruscelli, con Espositioni del medesimo, particolar",,In Venetia,1561,1561,ita,yes
BVEE018583,ECO.03.0069,ECO.03.0069,"Opera di Giorgio Agricola de l'arte de metalli partita in 12. libri, ne quali si descriuano tutte le sorti, e qualità de  gli uffizij, de gli strument",,In Basilea,,1563,ita,yes
BVEE009631,ECO.01.0765,ECO.01.0765,"La tipocosmia di Alessandro Citolini, da Serraualle",,In Venetia,1561,1561,ita,yes
BVEE012937,ECO.01.0752,ECO.01.0752,"Thesaurus artificiosae memoriae. Concionatoribus, philosophis, medicis, iuristis, ... tenacem, ac firmam rerum memoriam cupientibus, perutilis. ... Au",,Venetiis,1579,1579,lat,yes
BVEE020888,ECO.01.0787,ECO.01.0787,"Opera Ioan. Goropii Becani, hactenus in lucem non edita: nempe, Hermathena, Hieroglyphica, Vertumnus, Gallica, Francica, Hispanica",,Antuerpiae,1580,1580,lat,yes
BVEE020920,ECO.01.0246,ECO.01.0246,"De Etruriae regionis, quae prima in orbe Europaeo habitata est, originibus, institutis, religione & moribus, & imprimis de aurei saeculi doctrina et u",,Florentiae,1551,1551,lat,yes
RMRE002033,ECO.01.0221,ECO.01.0221,"Esemplari, e simolacri dignissimi delle virtu', stimoli potenti alle medeme, cioè eroi, campioni, e personaggi celeberrimi alessandrini quali rassembr",,In Milano,1693,1693,ita,yes
BVEE000938,ECO.01.0089,ECO.01.0089,"Ioannis Pici Mirandulae ...Omnia quae extant opera: nuper clariss. virorum ingenio, ac labore illustrata, & innumeris erroribus expurgata. ... Ioannis",,Venetijs,1557,1557,lat,yes
BVEE003590,ECO.01.0146,ECO.01.0146,"Il theatro de' vari e diuersi ceruelli mondani, nuouamente formato, et posto in luce da Thomaso Garzoni da bagnacauallo",,In Venetia,1583,1583,ita,yes
BVEE004425,ECO.01.0869,ECO.01.0869,"Pretiosa margarita nouella de thesauro, ac pretiosissimo philosophorum lapide. Artis huius diuinae typus, & methodus collectanea ex Arnaldo, Rhaymundo",,[Venezia,1546,1546,lat,yes
BVEE004998,ECO.01.0980,ECO.01.0980,Claudii Galeni Pergameni Liber de plenitudine. Polybus De salubri victus ratione priuatorum. Guinterio Ioanne Andernaco interprete. Apuleius Platonicu,,[Parigi],1528,1528,lat,yes
BVEE012985,ECO.01.0357,ECO.01.0357,Fl. Vegetii Renati viri illustris De re militari libri quatuor. Sexti Iulii Frontini viri consularis de strategematis libri totidem. Aeliani de instru,,Parisiis,1553,1553,lat,yes
BVEE016885,ECO.01.0738,ECO.01.0738,"Plutosofia di f. Filippo Gesualdo minor con. nella quale si spiega l'arte della memoria con altre cose notabili pertinenti, tanto alla memoria natural",,In Padoua,1592,1592,ita,yes
BVEE017474,ECO.01.0400,ECO.01.0400,"Petri Galatini Opus de Arcanis Catholicae veritatis: hoc est, In omnia difficilia loca Veteris Testamenti ex Talmud, alijsque Hebraicis libri, quum an",,Basileae,1561,1561,lat,yes
BVEE008795,ECO.01.0830,ECO.01.0830,Richardi sancti victoris ... Omnia opera in vnum volumen congesta solerti cura ac diligentia emendata: atque nunc primum parrisiis impressa,,\Parigi!,,1518,lat,yes
BVEE034129,ECO.01.0278,ECO.01.0278,1,,,,1656,lat,yes
BVEE035886,ECO.01.0794,ECO.01.0794,"Mysterium artis steganographicæ nouissimum, in gratiam Collegii Curiosorum, modum omnes epistolas, aliaque scripta incognita, characteribus furtivis e",,Ulmæ,1682,1682,lat,yes
BVEE036530,ECO.01.0140,ECO.01.0140,"Servatii Gallaei Dissertationes de sibyllis, earumque oraculis. cum figuris aeneis",,Amstelodami,1688,1688,lat,yes
BVEE038372,ECO.01.0389/1,ECO.01.0389/1,"2.[1.1]: De supernaturali, naturali, præternaturali et contranaturali microcosmi historia, in tractatus tres distributa. Authore Roberto Flud alias de",,Oppenhemij,1619,1619,lat,
BVEE031207,ECO.01.0062,ECO.01.0062,"Q.F.F.F.Q.S. Gothofredi Voigtii, ... Deliciae physicae epidieskeuasmenai, de stillicidio sanguinis ex interemti hominis cadavere praesente occisore, l",,Rostochii,1671,1671,lat,yes
BVEE034126,ECO.01.0278,ECO.01.0278,"Athanasij Kircheri e Soc. Iesu Itinerarium exstaticum quo mundi opificium id est coelestis expansi, siderumque tam errantium, quàm fixorum natura, vir",,Romae,1656-1657,1656,lat,
BVEE034130,ECO.01.0278,ECO.01.0278,"2: Athanasij Kircheri e Soc. Iesu Iter extaticum 2. qui & mundi subterranei Prodromus dicitur. Quo geocosmi opificium siue terrestris globi structura,",,,,1657,lat,yes
BVEE034454,ECO.01.0386,ECO.01.0386,[2.2.1.4]: Roberti Fludd ...Philosophia sacra & vere christiana seu Meteorologia cosmica,,Francofurti,1626,1626,lat,yes
BVEE038893,ECO.01.0059,ECO.01.0059,"Il canzoniero del signor caualier fra' Tomaso Stigliani. Dato in luce da Francesco Balducci. Distinto in otto libri, ...",,In Roma,1623,1623,ita,yes
BVEE012961,ECO.01.0356,ECO.01.0356,"En tibi lector Robertum Valturium, ad illustrem heroa Sigismundum Pandulphum Malatestam Ariminensium regem, De re militari libris 12 multò emaculatius",,Parisiis,1532 mense Iulio,1532,lat,
BVEE022268,ECO.01.0409,ECO.01.0409,"Ill.mi D. Ioannis Caramuel Satrianensium et Campaniensium episcopi Apologema pro antiquissima et vniuersalissima doctrina, de probabilitate. Contra no",,Lugduni,1663,1663,lat,yes
BVEE033586,ECO.01.0722/2,ECO.01.0722/2,Eisagōgē seu Introductio facilis in praxim artificiosae memoriae. A. D.I. Paëpp Galbaico,,Lugduni,1618,1618,lat,yes
BVEE037054,ECO.01.1002,ECO.01.1002,Isaaci Vossii Variarum observationum liber,,Londini,1685,1685,lat,yes
BVEE041453,ECO.01.0151,ECO.01.0151,"\2!: Polyhistor symbolicus, electorum symbolorum, & Parabolarum historicarum stromata, 12. libris complectens. Auctore P. Nicolao Caussino",,Parisiis,1618,1618,lat,yes
BVEE032306,ECO.01.0266,ECO.01.0266,"P. Gasparis Schotti Regiscuriani, e Societate Jesu, ... Mechanica hydraulico-pneumatica, qua praeterquàm quòd aquei elementi natura, proprietas, vis m",,[Francoforte s.M.],1657,1657,lat,yes
BVEE033142,ECO.01.0097,ECO.01.0097,"H. Cardani medici Mediolanensis Metoposcopia libris tredecim, et octingentis faciei humanae eiconibus complexa: cui accessit Melampodis De naeuis corp",,Lutetiae Parisiorum,1658,1658,lat,yes
BVEE031848,ECO.01.0945/01,ECO.01.0945/01,"Oswaldi Crolii Basilica chymica, pluribus selectis et secretissimis propria manuali experientia approbatis descriptionibus, & vsu remediorum spagyrico",,,,1643,lat,yes
BVEE030911,ECO.01.0838,ECO.01.0838,"Theatrum sympatheticum auctum, exhibens varios authores. De pulvere sympathetico quidem: digbaeum, straussium, papinium, et mohyum. De unguento verò a",,Norimbergae,1662,1662,lat,yes
BVEE034207,ECO.01.0976,ECO.01.0976,"Aur. Philip. Theoph. Paracelsi Bombast ab Hohenheim, ... Opera omnia medico-chemico-chirurgica, tribus voluminibus comprehensa",,Genevae,1658,1658,lat,
BVEE034208,ECO.01.0976,ECO.01.0976,"1: Volumen primum, opera medica complectens",,Geneuae,1658,1658,lat,yes
BVEE034554,ECO.01.1007,ECO.01.1007,"Willebrordi Snellii à Royen. R.F. Tiphys Batauus, siue Histiodromice, de navium cursibus, et re nauali",,Lugduni Batauorum,1624,1624,lat,yes
BVEE037143,ECO.01.0086,ECO.01.0086,Tractatus posthumus Jani Jacobi Boissardi Vesuntini de divinatione & magicis praestigiis quarum veritas ac vanitas solidè exponitur per descriptionem ,,Oppenheimii,,1615,lat,yes
BVEE015277,ECO.01.0732,ECO.01.0732,"Dialogo di m. Lodouico Dolce, nel quale si ragiona del modo di accrescere, et conseruar la memoria",,In Vinegia,1575,1575,ita,yes
BVEE016347,ECO.01.0572,ECO.01.0572,"Berosi sacerdotis Chaldaici, Antiquitatum Italiae ac totius orbis libri quinque, commentarijs Ioannis Annij Viterbensis, ... adiecto nunc primum indic",,Antuerpiae,1552,1552,lat,yes
BVEE017238,ECO.01.0780,ECO.01.0780,"Ioannis Tritemii abbatis spanhemensis Epistolarum familiarium libri duo ad diuersos Germaniae principes, episcopos, ac eruditione praestantes uiros, q",,Haganoae,1536,1536,lat,yes
BVEE018519,ECO.01.0347,ECO.01.0347,"Pirotechnia. Li diece libri della pirotechnia, nelli quali si tratta non solo la diuersità delle minere, ma ancho quanto si ricerca alla prattica di e",,[Venezia,1558,1558,ita,yes
BVEE003706,ECO.01.0148,ECO.01.0148,"La sinagoga de gl'ignoranti. Nouamente formata & posta in luce da Tomaso Garzoni da Bagnacauallo, Academico Informe di Rauenna, per ancora Innominato",,In Venetia,1594,1594,ita,yes
RMSE002046,ECO.01.0351,ECO.01.0351,Le machine volume nuouo et di molto artificio da fare effetti marauigliosi tanto spirituali quanto di animale operatione arichito di bellissime figure,,In Roma,1629,1629,ita,yes
RMSE007004,ECO.01.0090,ECO.01.0090,1,,,,1561,lat,yes
RMSE001741,ECO.01.0272,ECO.01.0272,P. Gaspar Schotti ... Anatomia physico-hydrostatica fontium ac fluminum libris 6. explicata ... accedit in fine appendix de vera origine Nili,,[Francoforte],1663,1663,lat,yes
SBL0023649,ECO.04.0029,ECO.04.0029,Dalla periferia dell'impero,Umberto Eco,Milano,©1977,1977,ita,
RMSE002017,ECO.01.0354,ECO.01.0354,Nouo teatro di machine et edificii per uarie et sicure operationi con le loro figure tagliate in rame e la dichiaratione e dimostratione di ciascuna. ,,In Padoua,1656,1656,ita,
RMSE052756,ECO.01.0123,ECO.01.0123,Speculum doctrinale Vincentii,,,,1494,lat,yes
BVEE055943,ECO.01.0822,ECO.01.0822,"Le Relationi vniuersali di Giouanni Botero benese, diuise in sette parti. Alle quali vi sono aggiunte nuouamente i Capitani dell'istesso auttore, con ",,In Venetia,1617-1618,1617,ita,
BVEE053589,ECO.01.0481,ECO.01.0481,"F. Marini Mersenni ordinis minorum S. Francisci de Paula Quaestiones celeberrimae in Genesim, cum accurata textus explicatione. In hoc volumine athei,",,Lutetiae Parisiorum,1623,1623,lat,
BVEE055960,ECO.01.0822,ECO.01.0822,"6: Relationi del sig. Giouanni Botero benese, abbate di san Michele della Chiusa. Cioè di Spagna. Dello Stato della Chiesa. Del Piamonte. Della Contea",,In Venetia,1618,1618,ita,yes
BVEE055953,ECO.01.0822,ECO.01.0822,"5: I Capitani del sigr. Giouanni Botero benese, abbate di S.Michele della Chiusa. ... Parte quinta. Doue si vede le guerre successe in Francie; come l",,In Venetia,1617,1617,ita,yes
BVEE053590,ECO.01.0481,ECO.01.0481,[1],,,,1623,lat,yes
BVEE053591,ECO.01.0481,ECO.01.0481,"[2]: F. Marini Mersenni ordin. minimor. S. Francisci de Paula Obseruationes, et emendationes ad Francisci Georgii Veneti problemata. In hoc opere caba",,Lutetiae Parisiorum,1623,1623,lat,yes
BVEE001679,ECO.01.0768,ECO.01.0768,"Jordani Bruni Nolani De triplici minimo et mensura ad trium speculatiuarum scientiarum & multarum actiuarum artium principia, libri 5: Ad illustriss. ",,Francofurti,1591,1591,lat,yes
BVEE007027,ECO.01.0085,ECO.01.0085,"Plotini ... De rebus philosophicis libri 54. in enneades sex distributi, a' Marsilio Ficino Florentino e Graeca lingua in Latinum versi, Et ab eodem d",,Apud Salingiacum,1540,1540,lat,yes
BVEE006473,ECO.01.0371,ECO.01.0371,"Cabalistarum selectiora, obscurioraque dogmata, a Ioanne Pico ex eorum commentationibus pridem excerpta, et ab Archangelo Burgonouensi minoritano, nun",,Venetiis,1569,1569,lat,yes
BVEE012122,ECO.01.0880,ECO.01.0880,"Historia delle genti et della natura delle cose settentrionali da Olao Magno gotho arciuescouo di Vpsala nel regno di Suezia e Gozia, descritta in 22 ",,In Vinegia,1565,1565,ita,yes
RMRE002029,ECO.01.1037,ECO.01.1037,8,,,,1813,ita,yes
BVEE022933,ECO.01.0828,ECO.01.0828,3: Tomi 3 Apparatus vrbis ac templi Hierosolymitani pars 1. et 2. Ioannis Baptistae Villalpandi Cordubensis e Societate Iesu. Collato studio cum H. Pr,,Romae,1604,1602,lat,
BVEE023058,ECO.01.0288,ECO.01.0288,"R.P. Athanasii Kircheri ... Iter extaticum coeleste, quo mundi opificium, id est, coelestis expansi, siderumque ... natura, vires, proprietates, ... e",,Herbipoli,1660,1660,lat,yes
BVEE022930,ECO.01.0828,ECO.01.0828,"Hieronymi Pradi et Ioannis Baptistae Villalpandi e Societate Iesu In Ezechielem explanationes et Apparatus vrbis, ac templi Hierosolymitani. Commentar",,Romae,1596-1604,1596,lat,
BVEE034211,ECO.01.0976,ECO.01.0976,"2: Operum volumen secundum opera chemica et philosophica complectens, praefatione, librorum elencho & indice generali instructum",,Geneuae,1658,1658,lat,
BVEE034216,ECO.01.0976,ECO.01.0976,"3: Operum volumen tertium, chirurgica opera complectens, duabus sectionibus distincta, quarum prior Chirurgiam magnam, posterior verò Bertheoneam siue",,Geneuae,1658,1658,lat,yes
BVEE034313,ECO.01.0281,ECO.01.0281,"Athanasii Kircherii e Soc. Iesu Scrutinium physico-medicum contagiosae luis, quae pestis dicitur. ... Ad Alexandrum 7. pont. opt. max",,Romae,1658,1658,lat,yes
BVEE034362,ECO.01.0388,ECO.01.0388,"[2.2].1.3: Anatomiæ ampitheatrum effigie triplici, more et conditione varia, designatum authore Roberto Fludd. alias de fluctibus armigero & in Medici",,Francofurti,1623,1623,lat,
BVEE034382,ECO.01.0394,ECO.01.0394,"Integrum morborum mysterium: siue Medicinae catholicae tomi primi tractatus secundus, in sectiones distributus duas; ... authore Roberto Fludd, alias ",,Francofurti,1631,1631,lat,yes
BVEE035537,ECO.01.0413,ECO.01.0413,Athanasii Kircheri Fuldensis Buchonii e Soc. Iesu Lingua Aegyptiaca restituta opus tripartitum. Quo linguae Coptae siue idiomatis illius primaeui Aegy,,Romae,1643,1643,ara,yes
BVEE010221,ECO.01.0574,ECO.01.0574,"Ditte Candiano Della guerra Troiana. Darete Frigio Della rouina Troiana. Declamatione di Libanio Sofista. Mirsilio Lesbio Dell'origine d'Italia, é de ",,In Vinegia,1543,1543,ita,yes
BVEE010452,ECO.01.0573,ECO.01.0573,I cinque libri de le antichita de Beroso sacerdote Caldeo. Con lo commento di Giouanni Annio di Viterbo teologo eccellentissmo [!]. Il numero de gli a,,In Venetia,1550,1550,ita,yes
BVEE011157,ECO.01.0117,ECO.01.0117,Supplementum supplementi chronicarum ab ipso mundi exordio vsque ad redemptionis nostrae annum 1510 editum. Et nouissime recognitum. Et castigatum a v,,\Venezia,,1513,lat,yes
BVEE043168,ECO.01.0389/2,ECO.01.0389/2,"2.1.2: Tomi secundi tractatus primi, sectio secunda, de technica microcosmi historia, in portiones 7. divisa. Authore Roberto Flud aliàs de Fluctibus ",,,[ca. 1619],1619,lat,
LIA0229025,ECO.04.0031,ECO.04.0031,Lector in fabula,Umberto Eco,Milano,1979,1979,ita,
CFIE005185,ECO.01.0583,ECO.01.0583,"Mithridates Gesneri, exprimens differentias linguarum, tum veterum, tum quæ hodie, per totum terrarum orbem, in usu sunt. Caspar VVaserus recensuit & ",,Tiguri,1610,1610,lat,yes
MILE038097,ECO.01.0968,ECO.01.0968,"Elephantographia curiosa, seu Elephanti descriptio, juxta methodum et leges imperialis academiae Leopoldino-Carolinae naturae curiosorum adornata, mul",,Erfordiae,1715,1715,lat,yes
MILE038389,ECO.01.1014,ECO.01.1014,3,,Bonon.,1645,1652,lat,yes
MILE038388,ECO.01.1013,ECO.01.1013,2,,Bonon.,1645,1652,lat,yes
CNCE006988,ECO.01.0397,ECO.01.0397,"Mysticae numerorum significationis liber in duas diuisus partes, r.d. Petro Bongo canonico Bergomate auctore: opus maximarum rerum, & plurimarum doctr",,,,1585,lat,
CFIE001033,ECO.01.0845,ECO.01.0845,"Lexicon alchemiae siue Dictionarium alchemisticum, cum obscuriorum verborum, & rerum hermeticarum, tum Theophrast-Paracelsicarum phrasium, planam expl",,[Francoforte],1612,1612,lat,yes
CFIE002861,ECO.01.0352,ECO.01.0352,"Architectura curiosa nova, exponens 1. Fundamenta hydragogica, indolemque aquæ, aëris interventu in altum levandæ. 2. Varios aquarum ac salientium fon",,Norimbergae,,1664,lat,
CFIE002907,ECO.01.0832,ECO.01.0832,"Musaeum Kircherianum sive Musaeum a p. Athanasio Kirchero in Collegio Romano Societatis Jesu jam pridem incœptum nuper restitutum, auctum, descriptum,",,Romae,1709,1709,lat,yes
CFIE009545,ECO.01.0233,ECO.01.0233,"Lettres sur l'Atlantide de Platon et sur l'ancienne histoire de l'Asie. Pour servir de suite aux lettres sur l'origine des sciences, adressées à m. de",,A Londres,1779,1779,fre,yes
CFIE010468,ECO.01.0846,ECO.01.0846,"Theatrum sympatheticum, in quo sympathiae actiones variae, singulares & admirandae tam macro quam microcosmicae exhibentur ... Opusculum lectu jucundu",,Norimbergae,1660,1660,lat,yes
RAVE059638,ECO.01.0090,ECO.01.0090,Tomus secundus Marsilij Ficini ... operum ...,,,,1561,lat,yes
TO0E010317,ECO.01.0473,ECO.01.0473,"Isaaci Casauboni De rebus sacris et ecclesiasticis exercitationes 16. ad cardinalis Baronii Prolegomena in Annales, & primam eorum partem, de domini n",,Londini,1614,1614,lat,yes
TO0E012446,ECO.01.0265,ECO.01.0265,"[3]: Belles-lettres, tome 1.",,A Paris,1765,1765,fre,yes
TO0E012447,ECO.01.0265,ECO.01.0265,"[4]: Belles-Lettres, tome 2.",,A Paris,1765,1765,fre,yes
TO0E023181,ECO.01.0683,ECO.01.0683,2,,Venetiis,1758,1758,lat,yes
MIL0777432,ECO.02.0005,ECO.02.0005,Au seuil du mystère,par Stanislas de Guaita,Paris,1915,1915,fre,yes
TO0E010437,ECO.01.0244,ECO.01.0244,Guillel. Postelli De cosmographica disciplina et Signorum cœlestium vera configuratione libri 2. Ex museo Joan. Balesdens in principe senatu advocati,,Lugduni Batauorum,1636,1636,lat,yes
TO0E016136,ECO.01.0474,ECO.01.0474,1,,,,1691,fre,yes
TO0E016543,ECO.01.0474,ECO.01.0474,2,,,,1691,fre,
TO0E022566,ECO.01.0265,ECO.01.0265,[5]: Histoire. Tome premier,,A Paris,1768,1768,fre,yes
TO0E022571,ECO.01.0265,ECO.01.0265,[6]: Histoire. Tome 2,,A Paris,1768,1768,fre,yes
TO0E022572,ECO.01.0265,ECO.01.0265,[7]: Histoire. Tome 3. Table générale,,A Paris,1768,1768,fre,yes
TO0E023178,ECO.01.0683,ECO.01.0683,"Biblia Sacra vulgatæ editionis Sixti 5. et Clementis 8. pontif. max. auctoritate recognita, uberrimis prolegomenis dogmaticis, et chronologicis illust",,Venetiis,1758,1758,lat,
TO0E023180,ECO.01.0683,ECO.01.0683,1,,Venetiis,1758,1758,lat,yes
TO0E001218,ECO.01.0276,ECO.01.0276,Principis christiani archetypon politicum sive sapientia regnatrix; quam regiis instructam documentis ex antiquo numismate Honorati Joannii Caroli 5. ,,Amstelodami :apud Joannem Janssonium a W,1672 (Amstelodami,1672,lat,yes
TO0E003579,ECO.01.0220/1,ECO.01.0220/1,Volume 1,,,,1830,ita,yes
TO0E003580,ECO.01.0220/2,ECO.01.0220/2,Volume 2,,,,1830,ita,yes
TO0E005949,ECO.03.0051,ECO.03.0051,"Ciuitas veri siue morum Bartholomei Delbene patricii Florentini ... Aristotelis de moribus doctrinam, carmine et picturis complexa, et illustrata comm",,Parisiis,1609,1609,lat,yes
TO0E008374,ECO.01.0240,ECO.01.0240,"Guilielmi Postelli De republica, seu Magistratibus Atheniensium liber. Ex Musæo Joan. Balesdens ... Accessit Antonii Thysii IC. Discursus politicus de",,Lugduni Batauorum,1645,1645,lat,yes
TO0E012671,ECO.01.0633,ECO.01.0633,1,,,,1765,fre,yes
TO0E012673,ECO.01.0633,ECO.01.0633,2,,,,1765,fre,yes
TO0E016843,ECO.01.0013,ECO.01.0013,"Io. Bap. Portae Neapolitani De distillatione lib. 9. Quibus certa methodo, multiplicique artificio, penitioribus naturae arcanis detectis, cuiuslibet ",,Romae,1608,1608,lat,yes
TO0E021424,ECO.01.0813,ECO.01.0813,"Briani Waltoni, Angli, ... Biblicus apparatus, chronologico-topographico-philologicus: prout ille tomo præliminari, operis eximii polyglotti, Londini,",,Tiguri,1673,1673,lat,yes
RAVE042181,ECO.03.0010,ECO.03.0010,Incipit prologus in librum qui intitulatur Arbor vite crucifixe Iesu et dicitur opus Vbertini de Casali qui fuit frater professus ordini Minorum beati,,,,1485,lat,yes
RAVE005636,ECO.01.0833,ECO.01.0833,"Collectio nova patrum et scriptorum Graecorum, Eusebii Caesariensis, Athanasii, & Cosmae Aegyptii ... notis & praefationibus illustravit d. Bernardus ",,Parisiis,1706-1707,1706,grc,
RAVE001637,ECO.01.1060,ECO.01.1060,Del governo delle pecore spagnuole e italiane e dei vantaggi che ne derivano. Saggio di Vincenzo Dandolo..,,Milano,1804,1804,ita,yes
MILE062282,ECO.01.0033/2,ECO.01.0033/2,"Philippi Finella De duabus conceptionis, et respirationis figuris, et de connexione inter eas, & figuram coelestem",,Antuerpiae,1650,1650,lat,yes
NAPE016522,ECO.01.0622,ECO.01.0622,"Systême physique et moral de la femme, suivi du Systême physique et moral de l'homme, et d'un fragment sur la sensibilité, par Roussel, précédé de l'é",,A Paris,1813,1813,fre,yes
TO0E001037,ECO.02.0030,ECO.02.0030,Dell'arte historica d'Agostino Mascardi trattati cinque. Coi sommarii di tutta l'opera estratti dal sig. Girolamo Marcucci e coi priuilegi di S. Santi,,In Roma,1636,1636,ita,yes
MODE017211,ECO.01.0858,ECO.01.0858,"De la demonomanie des sorciers. A Monseigneur M. Chrestofle de Thou chevalier seigneur de Coeli, premier President en la Cour de Parlement, & Consille",,A Paris,1580,1580,fre,yes
MODE021037,ECO.01.0682,ECO.01.0682,"In Canticum canticorum Salomonis commentarius litteralis, & catena mystica; ille auctore, hæc collectore Martino Del'Rio, Antuerpiense, ... Nunc sedul",,Lugduni,1604,1604,lat,yes
MODE033836,ECO.01.0828,ECO.01.0828,2.2: De postrema Ezechielis prophetae visione Ioannis Baptistae Villalpandi Cordubensis e Societate Iesu tomi secundi explanationum pars secunda in qu,,Romae,1604,1604,lat,yes
MOL0000958,ECO.01.0800,ECO.01.0800,Dopo morte o la vita futura secondo la scienza,di Luigi Figuier,Genova,Tipografia del R.I. ,1880,ita,yes
CSAE001109,ECO.03.0005,ECO.03.0005,"Index eorum, quæ hoc in libro habentur. Iamblichus de mysteriis Aegyptiorum. Chaldæorum. Assyriorum. Proclus in Platonicum alcibiadem de anima, atque ",,,,1497,lat,yes
CFIE021489,ECO.01.0660/1,ECO.01.0660/1 ; ECO.01.0660/2,"Illustris viri Godofr. Guilielmi Leibnitii Collectanea etymologica, illustrationi linguarum, veteris Celticae, Germanicae, Gallicae, aliarumque inserv",,Hanoveræ,1717,1717,lat,yes
VEAE126338,ECO.03.0060/02,ECO.03.0060/02,Clarissimi viri Iginij Poeticon astronomicon opus vtilissimmu [!] foeliciter incipit. De mundi & spherae ac vtriusque partium declaratione liber primu,,,,1482,lat,yes
RAV0064417,ECO.01.0435/1,ECO.01.0435/1,[1],,Milano,[1953],1953,lat,yes
RAV0064421,ECO.01.0435/1,ECO.01.0435/1,[2],,Milano,[1953],1953,lat,yes
TO00168521,ECO.01.1072,ECO.01.1072,Lo gnosticismo,E. Buonaiuti,Roma,1907,1907,ita,yes
RAV0064407,ECO.01.0435/1,ECO.01.0435/1,Appendices ad Hainii-Copingeri Repertorium bibliographicum,edidit Dietericus Reichling,Milano,[1953],1953,lat,
SBL0734946,ECO.01.1030,ECO.01.1030,Novelle,Giov. Battista Casti,Milano,[1914?],1914,ita,
VEAE126344,ECO.01.0120,ECO.01.0120,Fratris Ioannis Annii Viterbensis ordinis predicatorum Theologiae professoris: super opera de Antiquitatibus confecta prefatio incipit,,,,1498,lat,yes
TO00002576,ECO.01.0182,ECO.01.0182,Bibliotheca magica,,Firenze,1985,1985,ita,yes
PUVE003724,ECO.01.0475,ECO.01.0475,"Isaaci Casauboni Epistolae, insertis ad easdem responsionibus, quotquot hactenus reperiri potuerunt, secundum seriem temporis accurate digestae",,Roterodami,1709,1709,lat,yes
PUVE004849,ECO.01.0420/2,ECO.01.0420/2,"Physiologia Kircheriana experimentalis, qua summa argumentorum multitudine & varietate naturalium rerum scientia per experimenta physica, mathematica,",,Amstelodami,1680,1680,lat,yes
VEAE001376,ECO.01.0423,ECO.01.0423,1,,Romae,1652,1652,lat,yes
VEAE001436,ECO.01.0292/1,ECO.01.0292/1,"Tariffa Kircheriana id est Inuentum aucthoris nouum expeditâ, & mirâ arte combinatâ methodo, vniuersalem geometriae, & arithmeticae practicae summam c",,Romae,1679,1679,lat,yes
VEAE001384,ECO.01.0423,ECO.01.0423,2.2: Athanasii Kircheri Soc. Iesu Oedipi Aegyptiaci tomi secundi pars altera complectens sex posteriores classes ...,,Romae,1653,1653,lat,yes
VEAE001383,ECO.01.0423,ECO.01.0423,"2.1: Athanasii Kircheri Soc. Iesu Oedipi Aegyptiaci tomus secundus. Gymnasium siue Phrontisterion hieroglyphicum in duodecim classes distributum, in q",,Romae,1653,1653,lat,yes
VEAE001385,ECO.01.0423,ECO.01.0423,"3: Athanasii Kircheri Soc. Iesu Oedipi Aegyptiaci tomus 3. Theatrum hieroglyphicum, hoc est, Noua & hucusque intentata obeliscorum cœterorumque hierog",,Romae,1654,1654,lat,yes
VIA0035803,ECO.01.0176,ECO.01.0176,Bibliotheca hermetica,Vinci Verginelli,Firenze,[1986],1986,ita,yes
SIPE011624,ECO.01.0252/02,ECO.01.0252/02,De coelesti agricultura,,Excusum Augustae Vindelicorum,1541,1541,lat,
SBL0711158,ECO.01.0100/3,ECO.01.0100/3,The making of the Nuremberg Chronicle,by Adrian Wilson,Amsterdam,1976,1976,eng,yes
VEA0076771,ECO.01.0254/36,ECO.01.0254/36,Studies in seventeenth-century imagery,Mario Praz,Roma,1964-1975,1964,mul,
VEA0076772,ECO.01.0254/36,ECO.01.0254/36,Parte 2: Addenda et corrigenda,Mario Praz,Roma,1974,1974,eng,yes
PUVE005674,ECO.01.0829,ECO.01.0829,"Note ouero Memorie del museo di Lodouico Moscardo nobile veronese, academico filarmonico, dal medesimo descritte, et in tre libri ditinte ... consacra",,In Padoa,1656,1656,ita,yes
VEAE001439,ECO.01.0292/2,ECO.01.0292/2,Tariffa Kircheriana siue Mensa Pythagorica expansa; ad matheseos quaesita accommodata per quinque columnas ... R.Q.C. vbicumque occurrunt significant ,,Romae,1679,1679,lat,yes
PUV1167162,ECO.02.0111/02,ECO.02.0111/02,"Preuves de l'heresie de Dante notamment au sujet d'une fusion operee vers 1312 entre la Massenie albigeoise, le temple et les gibelins",par E. Aroux,Paris,1857,1857,fre,yes
VEAE002474,ECO.01.0441,ECO.01.0441,"Arcana arcanissima hoc est Hieroglyphica Aegyptio-Graeca, vulgo necdum cognita, ad demonstrandam falsorum apud antiquos deorum, dearum, heroum, animan",,,\1614!,1614,lat,yes
TO00625214,ECO.04.0012,ECO.04.0012,Il problema estetico in San Tommaso,Umberto Eco,Torino,stampa 1956,1956,ita,
RAV0200544,ECO.02.0111/01,ECO.02.0111/01,L'heresie de Dante,\E. Aroux!,Paris,1857,1857,fre,yes
RAV0210293,ECO.01.1069,ECO.01.1069,Cavour o Garibaldi?,dell'avvocato Pier Carlo Boggio,Torino,1860,1860,ita,yes
TO00764370,ECO.01.0264,ECO.01.0264,Lettre de M. Libri à M. le président de l'Institut de France,,Londres,1850,1850,fre,yes
CFI0967215,ECO.04.0083,ECO.04.0083,La filosofia e le sue storie,"a cura di Umberto Eco, Riccardo Fedriga",Roma,,2017,ita,
CFI0819619,ECO.01.0001,ECO.01.0001,L'uomo delinquente,Cesare Lombroso,[Milano],2013,2013,ita,yes
MILE000924,ECO.01.0849,ECO.01.0849,Del congresso notturno delle lammie libri tre di Girolamo Tartarotti roveretano. S'aggiungono due dissertazioni epistolari sopra l'arte magica. All'il,,In Rovereto,1749,1749,ita,
RAV0072810,ECO.01.0985/03,ECO.01.0985/03,La bicicletta,Antonio Pizzuto,Milano,1966,1966,ita,yes
MILE045695,ECO.01.0405/2,ECO.01.0405/2,"Tractatus mago-cabbalistico-chymicus et theosophicus, von des Saltzes Uhrsprung und Erzeugung, Natur und Nutzen, wobey zugleich die Erzeugung derer Me",,Strasburg,1729,1729,ger,yes
MILE056887,ECO.01.0822/08,ECO.01.0822/08,"Saggio dell'opera de' prencipi, e capitani illustri, del sig. Giouanni Botero, benese, abbate di S. Michele di Chiusa ...",,In Venetia,1617,1617,ita,yes
UFIE002131,ECO.01.0672/01,ECO.01.0672/01,1,,Lugduni,1675,1675,lat,yes
UFIE001773,ECO.01.0672/2,ECO.01.0672/2,"2: Epicuri ethicae, per Petrum Gassendum, tomus 2",,[Lione,1675],1675,lat,yes
PARE038099,ECO.01.0623,ECO.01.0623,4,,,,1799,fre,yes
SBL0416365,ECO.01.0205,ECO.01.0205,Les livres à clef,par Fernand Drujon,Paris :E. Rouveyre,1888,1888,fre,
PUV0074170,ECO.01.0254/24,ECO.01.0254/24,Vol. 1.2,,Amsterdam,1990,1990,eng,yes
PUV0074153,ECO.01.0254/24,ECO.01.0254/24,Vol. 1.1,,Amsterdam,1990,1990,eng,yes
MIL0063818,ECO.01.0482/04,ECO.01.0482/04,Almanacco del bibliofilo,"a cura de l'Aldus club, Associazione internazionale di bibliofilia",Milano,1991-2012,1991,ita,
CFI0170293,ECO.01.0254/01,ECO.01.0254/01,La Bibbia a stampa da Gutenberg a Bodoni,a cura di Ida Zatelli,Firenze,[1991],1991,ita,yes
PARE038096,ECO.01.0623,ECO.01.0623,3,,,,1799,fre,yes
UM1E000616,ECO.01.0145,ECO.01.0145,"Il theatro de vari, e diuersi ceruelli mondani. Nuouamente formato, & posto in luce da Thomaso Garzoni da Bagnacauallo. ...",,In Venetia,1598,1598,ita,yes
PALE006304,ECO.01.0502,ECO.01.0502,Congetture intorno al primitivo alfabeto greco del marchese Cesare Lucchesini,,Lucca,1829,1829,ita,yes
PALE006924,ECO.01.0569/02,ECO.01.0569/02,"1: [Tomus] prior babylonica, & turris in terra Sinear exstructae, ac dispersionis hominum ex ea, rationem ac historiam continet",,Lugduni Batavorum,1711,1711,lat,yes
PALE006925,ECO.01.0569/01,ECO.01.0569/01,"[2]: Jac. Perizonii Aegyptiarum originum et temporum antiquissimorum investigatio, in qua Marshami chronologia funditus evertitur, tum illae Usserii, ",,Lugduni Batavorum,1711,1711,lat,yes
SBL0218662,ECO.01.0482/17,ECO.01.0482/17,Musaeum hermeticum reformatum et amplificatum,introduction: Karl R. H. Frick,Graz,1970,1970,lat,yes
UM1E003334,,,"Rhetoricorum ad C. Herennium libri 4. incerto auctore. Ciceronis De inuentione libri 2. Topica ad Trebatium, Oratoriæ partitiones. Cum correctionibus ",,Venetiis,1559,1559,lat,yes
BVEE009893,ECO.01.0576,ECO.01.0576,"Le antichità di Beroso Caldeo sacerdote, et d'altri scrittori, cosi hebrei, come greci, & latini, che trattano delle stesse materie. Tradotte, dichiar",,In Vinegia,1583,1583,ita,yes
LO10338441,ECO.01.0647,ECO.01.0647,Trattato dei tre impostori,a cura di Silvia Berti,Torino,\1994!,1994,ita,
TO0E073578,ECO.01.0219/2,ECO.01.0219/2,2: Tomo secondo,,Alessandria,1786,1786,ita,yes
TO0E085448,ECO.01.0562/3,ECO.01.0562/3,"3: Monde primitif, analysé et comparé avec le monde moderne, considéré dans l'histoire naturelle de la parole; ou origine du language et de l'écriture",,A Paris,1775,1775,fre,yes
TO0E085453,ECO.01.0562/5,ECO.01.0562/5,"5: Monde primitif, analysé et comparé avec le monde moderne, considéré dans les origines françoises; ou dictionnaire étymologique de la langue françoi",,A Paris,1778,1778,fre,yes
TO0E085457,ECO.01.0562/6,ECO.01.0562/6,"6: Monde primitif, analysé et comparé avec le monde moderne, considéré dans les origines latines; ou dictionnaire étymologique de la langue latine; av",,A Paris,1779,1779,fre,yes
TO0E073566,ECO.01.0219/1,ECO.01.0219/1,1: Tomo primo,,Alessandria,1785,1785,ita,yes
RMGE001497,ECO.01.0897,ECO.01.0897,2: Strabonis Rerum geographicarum tomus alter,,,,1707,grc,yes
RMLE001392,ECO.01.0361,ECO.01.0361,"Espositione dell'11. et 12. cap. del 4. lib. d'Esdra: sopra gli accidenti passati, presenti, & futuri della reuolutione del grande, & tremendo imperio",,In Venetia,1571,1571,ita,yes
BVE0004557,ECO.01.0254/24,ECO.01.0254/24,"Christ, Plato, Hermes Trismegistus",\catalogued by Margaret Lane Ford!,Amsterdam,1990-,1990,eng,
BVE0030863,ECO.01.0254/37,ECO.01.0254/37,Les images du livre,Roger Paultre,Paris,[1991],1991,fre,yes
BRIE000618,ECO.01.0045,ECO.01.0045,"Julii Obsequentis Quae supersunt ex libro de prodigiis. Cum animadversionibus Joannis Schefferi, et supplementis Conradi Lycosthenis. Curante Francisc",,Lugduni Batavorum,1720,1720,lat,yes
RMGE001495,ECO.01.0897,ECO.01.0897,[1],,,,1707,grc,yes
TO0E085459,ECO.01.0562/7,ECO.01.0562/7,"7: Monde primitif, analysé et comparé avec le monde moderne, considéré dans les origines latines; ou dictionnaire étymologique de la langue latine, av",,A Paris,1780,1780,fre,yes
TO0E085472,ECO.01.0562/8,ECO.01.0562/8,"[8]: Monde primitif, analysé et comparé avec le monde moderne, considéré dans divers objets concernant l'histoire, le blason, les monnoies, les jeux, ",,A Paris,1781,1781,fre,yes
RMLE061576,ECO.01.0121/01,ECO.01.0121/01,Scriptum sancti Thome de Aquino super primo Sententiarum,,,,1498,lat,yes
TO0E085437,ECO.01.0562/2,ECO.01.0562/2,"2: Monde primitif, analysé et comparé avec le monde moderne, considéré dans l'histoire naturelle de la parole, ou grammaire universelle et comparative",,A Paris,1774,1774,fre,yes
TO0E085450,ECO.01.0562/4,ECO.01.0562/4,"4: Monde primitif, analysé et comparé avec le monde moderne, considéré dans l'histoire civile, religieuse et allégorique du calendrier ou almanach ...",,A Paris,1776,1776,fre,yes
TO0E085475,ECO.01.0562/9,ECO.01.0562/9,"9: Monde primitif, analysé et comparé avec le monde moderne, considéré dans les origines grecques; ou dictionnaire étymologique de la langue grecque, ",,A Paris,1782,1782,fre,yes
TO0E036377,ECO.01.0840/01,ECO.01.0840/01,"Johannis Baptistae van Helmont ... Opera omnia, novissima hac editione ab innumeris mendis repurgata, et indice rerum ac verborum locupletiori instruc",,[Francoforte],1707,1707,lat,yes
ANAE002753,ECO.01.0162,ECO.01.0162,"Oro Apolline Niliaco Delli segni hierogliphici, cioe Delle significationi di scolture sacre appresso gli Egittij. Tradotto in lingua volgare per m. Pi",,In Vinegia,1547,1547,ita,yes
TO0E036382,ECO.01.0840/02,ECO.01.0840/02,Johannis Baptistae van Helmont ... Opuscula medica inaudita. 1. De lithiasi. 2. De febribus. 3. De humoribus Galeni. 4. De peste,,Francofurti,1707,1707,lat,yes
RLZE021715,ECO.01.0011/01,ECO.01.0011/01,"Coelestis physiognomoniae libri sex. Ioan. Baptistae Portae Neapolitani. Vnde quis facile ex humani vultus extima inspectione, poterit ex coniectura f",,Neapoli,1603,1603,lat,yes
BVEE021177,ECO.01.0896,ECO.01.0896,"Ottonis Phrisingensis episcopi, ... Rerum ab origine mundi ad ipsius vsque tempora gestarum, libri octo. Eiusdem De gestis Friderici primi Aenobarbi C",,,,1515,lat,yes
RMS0176240,ECO.01.0293/09,ECO.01.0293/09,I geroglifici,Orapollo,Milano,1996,1996,ita,yes
BVEE008522,ECO.01.0121/02,ECO.01.0121/02,Quodlibetales questiones sancti Thome,,,,1515,lat,yes
LO11285560,ECO.01.0656,ECO.01.0656,Il libro maledetto,Georges Minois,[Milano],2010,2010,ita,
BVEE033989,ECO.01.0277,ECO.01.0277,"Prodomo apologetico alli studi Chircheriani. Opera di Gioseffo Petrucci romano, nella quale con un'apparato di saggi diversi, si dà prova dell'esquisi",,In Amsterdam,1677,1677,ita,yes
UBO3823508,ECO.04.0007,ECO.04.0007,Il cimitero di Praga,Umberto Eco,Milano,2010,2010,ita,
BVEE022127,ECO.01.0902,ECO.01.0902,"Historia degli imperatori greci, descritta da Niceta Acominato da Chone ... in 19 libri: li quali seguono, doue lascia il Zonara, dal 1117 fino al 120",,In Venetia,1562,1562,ita,yes
BVEE004275,ECO.01.0982,ECO.01.0982,"Petri Andreae Matthioli Senensis medici, Commentarii in sex libros Pedacii Dioscoridis Anazarbei de medica materia, iam denuo ab ipso autore recogniti",,Venetiis,1565,1565,lat,yes
RT1E005878,ECO.01.0062/02,ECO.01.0062/02,"Curiositates physicae, de resuscitatione brutorum ex mortuis, resurrectione plantarum, cantione cycnea, congressu et partu viperarum, chamaeleontis vi",,Gustrovi,1668,1668,lat,
RMSE001994,ECO.01.0424,ECO.01.0424,Athanasii Kircheri e Soc. Iesu Polygraphia noua et vniuersalis ex combinatoria arte detecta. Quà quiuis etiam linguarum quantumuis imperitus triplici ,,Romae,1663,1663,lat,yes
BVEE007638,ECO.03.0042,ECO.03.0042,"Le diuerse et artificiose machine del capitano Agostino Ramelli ... Nelle quali si contengono uarij et industriosi mouimenti, degni digrandissima spec",,A Parigi,1588,1588,ita,yes
RMRE001716,ECO.03.0027,ECO.03.0027,"Hypnerotomachia Poliphili, vbi humana omnia non nisisomnium esse docet. Atque obiter plurima scitu sane quam digna commemorat",,,,1499,ita,yes
BVEE022901,ECO.01.0033/1,ECO.01.0033/1,Philippi Finella De reuolutionibus annorum,,Antuerpiae,1650,1650,lat,yes
BVEE034367,ECO.01.0377,ECO.01.0377,"Veritatis proscenium, in quo aulaeum erroris tragicum dimouetur, siparium ignorantiae scenicum complicatur, ipsaque veritas à suo ministro in publicum",,Francofurti,1621,1621,lat,yes
BVEE038725,ECO.01.0188,ECO.01.0188,"Andreae Alciati Emblemata cum commentariis Claudii Minois I. C. Francisci Sanctii Brocensis, & notis Laurentii Pignorii Patauini. Nouissima hac editio",,Patauij,1661,1661,lat,yes
BVEE041983,ECO.01.0383/2,ECO.01.0383/2,"Responsum ad hoplocrisma-spongum M. Fosteri presbiteri, ab ipso, ad vnguenti armarij validatem delendam ordinatum. hoc est, spongiæ M. Fosteri presbyt",,Goudae,1638,1638,lat,yes
BVEE042645,ECO.01.0588/2,ECO.01.0588/2,"Renatum è mysterio principium philologicum, in quo vocum, signorum et punctorum, tum & literarum maxime ac numerorum origo. Nec non nouum variarum rer",,Patauii,1686,1686,lat,yes
BVEE026153,ECO.01.1032,ECO.01.1032,L'idea del theatro dell'eccellen. m. Giulio Camillo,,In Fiorenza,1550,1550,ita,yes
RAV0297618,ECO.01.0205,ECO.01.0205,2,par Fernand Drujon,Paris,1888,1888,fre,
TO01261426,ECO.01.1089,ECO.01.1089,Le vere origini della Bibbia e Vita di Jezeus Christna in occasione del Concilio ecumenico di Roma,Louis Jacolliot,Milano,1869,1869,ita,yes
RAV0297617,ECO.01.0205,ECO.01.0205,1,par Fernand Drujon,Paris,1888,1888,fre,yes
TO0E002611,ECO.01.0187,ECO.01.0187,"Le imprese illustri con espositioni, et discorsi del s.or Ieronimo Ruscelli. Al serenissimo et sempre felicissimo re catolico,  Filippo d'Austria. ...",,In Venetia,1572,1572,ita,yes
TO0E011959,ECO.01.0289,ECO.01.0289,Athanasii Kircheri ... Magneticum naturæ regnum siue disceptatio physiologica de triplici in natura rerum magnete ...,,Amstelodami,1667,1667,lat,yes
TO0E020076,ECO.01.0215,ECO.01.0215,"Annali di Alessandria, ouero le cose accadute in essa città nel suo, e circonuicino territorio dall'anno dell'origine sua sino al 1659. I fatti memora",,In Milano,1666,1666,ita,yes
MODE024198,ECO.01.0152,ECO.01.0152,"Horapollinis Hieroglyphica graece & latine, cum integris Observationibus & Notis Joann. Merceri & David. Hoeschelii, et selectis Nicolai Caussini. Cur",,Trajecti ad Rhenum,1727,1727,lat,yes
PUVE009670,ECO.01.0112,ECO.01.0112,"Il Pimandro di Mercurio Trimegisto, tradotto da Tommaso Benci in lingua fiorentina",,In Firenze,1548,1548,ita,yes
PUV0572592,ECO.02.0148,ECO.02.0148,Bourgeois et financiers du 17. siecle,Emile Magne,Paris,,1921,fre,
PUVE011299,ECO.01.0977,ECO.01.0977,"Frederici Ruyschii ... Opera omnia anatomico-medico-chirurgica, huc usque edita. Quorum elenchus pagina sequenti exhibetur, cum figuris æneis",,Amstelodami,1737,1737,lat,
RAV0002426,ECO.02.0064,ECO.02.0064,La struttura morale dell'universo dantesco,Luigi Valli,Roma,1935,1935,ita,yes
PUV1409835,ECO.04.0008,ECO.04.0008,Numero zero,Umberto Eco,[Milano],2015,2015,ita,
RAV0179279,ECO.02.0062,ECO.02.0062,"Il linguaggio segreto di Dante e dei ""Fedeli d'Amore""",Luigi Valli,Roma,1928,1928,ita,yes
MILE032040,ECO.01.0742,ECO.01.0742,Ars reminiscendi. Ioan. Baptistae Portae Neapolitani,,Neapoli,1602,1602,lat,yes
RAV0226512,ECO.02.0056,ECO.02.0056,L'ombra dell'oriente tenebroso,Antonio Ferdinando Ossendowski,Milano,1928,1928,ita,yes
RAV1663927,ECO.02.0005,ECO.02.0005,Essais de sciences maudites,par Stanislas de Guaita,Paris,,1915,fre,
VIAE006832,ECO.01.0623,ECO.01.0623,1,,,,1799,fre,yes
VIAE006833,ECO.01.0623,ECO.01.0623,2,,,,1799,fre,yes
UM1E003327,ECO.01.0610/2,ECO.01.0610/2,Ciceronis De oratore libri 3. Orator. De claris oratoribus. Cum correctionibus Pauli Manutii,,Venetiis,1559,1559,lat,yes
TO0E034753,ECO.01.0430/01,ECO.01.0430/01,"Athanasii Kircheri e Soc. Jesu Turris Babel, sive Archontologia qua primo Priscorum post diluvium hominum vita, mores rerumque gestarum magnitudo, sec",,Amstelodami,1679,1679,lat,
BVEE002332,ECO.01.0783/02,ECO.01.0783/02,"De occultis literarum notis seu Artis animi sensa occulte alijs significandi, aut ab alijs significata expiscandi enodandique libri 4. Io. Baptista Po",,Montisbeligardi,1593,1593,lat,yes
RMSE000582,ECO.01.0430/02,ECO.01.0430/02,"Athanasii Kircheri è Soc. Jesu Latium. Id est, Nova & parallela Latii tum veteris tum novi descriptio. Qua qucæunque vel natura, vel veterum Romanorum",,Amstelodami,1671,1671,lat,yes
RMSE098000,ECO.03.0060/01,ECO.03.0060/01,Nouicijs adolescentibus: ad astronomicam remp. capessendam aditum impetrantibus: pro breui rectoque tramite a vulgari vestigio semoto: Ioannis de sacr,,,,1482,lat,yes
CAGE019058,ECO.01.0420/1,ECO.01.0420/1,Ad Alexandrum 7. Pont. Max. obelisci Aegyptiaci nuper inter Isaei Romani rudera effossi interpetatio hieroglyphica Athanasij Kircheri e Soc. Iesu,,Romae,1666,1666,lat,yes
CAGE000355,ECO.03.0037,ECO.03.0037,Registrum huius operis libri cronicarum cum figuris et ymaginibus ab inicio mundi,,,,1493,lat,yes
BVEE042205,ECO.01.0425,ECO.01.0425,"Athanasii Kircheri è Societ. Jesu, Sphinx mystagoga, sive Diatribe hieroglyphica, qua mumiae, ex Memphiticis pyramidum adytis erutae, & non ita pridem",,Amstelodami,1676,1676,lat,yes
MOD0780150,ECO.01.0254/30,ECO.01.0254/30,Parmigianino e la pratica dell'alchimia,a cura di Sylvia Ferino-Pagden ... \et al.!,Cinisello Balsamo,\2003!,2003,ita,yes
LO10212641,ECO.02.0127,ECO.02.0127,Storia politico-militare della guerra dell'indipendenza italiana (1859-1860),compilata su documenti e relazioni autentiche dall'avvocato Pier Carlo Boggio,Torino,1860-1867,1860,ita,
RAV0043957,ECO.01.0820,ECO.01.0820,La prima edizione della Divina Commedia,di Emanuele Casamassima,Milano,stampa 1972,1972,ita,
BVEE010274,ECO.01.0741,ECO.01.0741,"Hoc in volumine haec continentur. M. Val. Probus De notis Roma. ex codice manuscripto castigatior, auctiorque, quam unquam antea, factus. Petrus Diaco",,,,1525,lat,yes
